event,fastlio_time_us,gpr_time_us,pos_x,pos_y,pos_z,gpr_position,gpr_velocity,left_position,right_position
KEY_PRESS_START,0,1762538603967933,0.022735,0.021409,0.058980,1134.939087,-0.115172,0.000000,0.000000
ARDUINO_START,1762538603971580,1762538603967933,0.022735,0.021409,0.058980,1134.939087,-0.115172,0.000000,0.000000
PRE_MOTOR,1762538605971287,1762538605964962,0.026226,0.021420,0.048740,1134.939941,0.076770,27.327400,-27.150156
PRE_MOTOR,0,1762538605986731,0.030806,0.022787,0.045655,1134.940063,0.681072,27.327400,-27.150150
PRE_MOTOR,0,1762538605995835,0.026226,0.021420,0.048740,1134.939331,0.044938,27.327398,-27.150160
PRE_MOTOR,0,1762538606004959,0.026226,0.021420,0.048740,1134.940430,0.569872,27.327398,-27.150158
PRE_MOTOR,0,1762538606014976,0.026226,0.021420,0.048740,1134.939087,0.069003,27.327404,-27.150154
PRE_MOTOR,0,1762538606024954,0.029279,0.022331,0.046683,1134.939575,0.268254,27.327402,-27.150150
PRE_MOTOR,0,1762538606034965,0.026226,0.021420,0.048740,1134.938477,-0.295453,27.327400,-27.150158
PRE_MOTOR,0,1762538606044982,0.029279,0.022331,0.046683,1134.939575,-0.073634,27.327398,-27.150154
PRE_MOTOR,0,1762538606054896,0.027753,0.021876,0.047712,1134.940796,0.551652,27.327398,-27.150156
PRE_MOTOR,1762538606072622,1762538606064954,0.030806,0.022787,0.045655,1134.939209,0.305064,27.327400,-27.150150
PRE_MOTOR,0,1762538606096816,0.030806,0.022787,0.045655,1134.937988,-0.475161,27.327406,-27.150148
PRE_MOTOR,0,1762538606115989,0.030806,0.022787,0.045655,1134.938354,-0.278652,27.327400,-27.150148
PRE_MOTOR,0,1762538606125142,0.030806,0.022787,0.045655,1134.940552,0.464715,27.327400,-27.150148
PRE_MOTOR,0,1762538606134962,0.030806,0.022787,0.045655,1134.939331,-0.108618,27.327396,-27.150148
PRE_MOTOR,0,1762538606144963,0.030806,0.022787,0.045655,1134.938354,-0.447750,27.327400,-27.150148
PRE_MOTOR,0,1762538606154964,0.030806,0.022787,0.045655,1134.938599,-0.293314,27.327398,-27.150148
PRE_MOTOR,1762538606171748,1762538606186827,0.030284,0.025866,0.049408,1134.939087,-0.261362,27.327398,-27.150152
PRE_MOTOR,0,1762538606195968,0.030381,0.025848,0.049066,1134.939819,0.231900,27.327400,-27.150152
PRE_MOTOR,0,1762538606205035,0.030478,0.025830,0.048724,1134.939941,0.059255,27.327402,-27.150152
PRE_MOTOR,0,1762538606216142,0.030284,0.025866,0.049408,1134.939575,0.215229,27.327398,-27.150152
PRE_MOTOR,0,1762538606225202,0.030478,0.025830,0.048724,1134.937866,-0.692420,27.327402,-27.150152
PRE_MOTOR,0,1762538606234928,0.030284,0.025866,0.049408,1134.939087,-0.074617,27.327394,-27.150152
PRE_MOTOR,0,1762538606244996,0.030381,0.025848,0.049066,1134.940063,0.172477,27.327400,-27.150152
PRE_MOTOR,0,1762538606254973,0.030381,0.025848,0.049066,1134.940063,-0.081040,27.327400,-27.150152
PRE_MOTOR,1762538606271446,1762538606265971,0.030867,0.025758,0.047357,1134.938599,-0.290088,27.327410,-27.150152
PRE_MOTOR,0,1762538606286853,0.029194,0.024402,0.046326,1134.940186,0.070036,27.327402,-27.150150
PRE_MOTOR,0,1762538606295974,0.029612,0.024741,0.046584,1134.939209,0.151672,27.327406,-27.150150
PRE_MOTOR,0,1762538606304994,0.029194,0.024402,0.046326,1134.941406,0.534542,27.327402,-27.150150
PRE_MOTOR,0,1762538606316030,0.029194,0.024402,0.046326,1134.940308,0.209563,27.327402,-27.150150
PRE_MOTOR,0,1762538606325140,0.029194,0.024402,0.046326,1134.938721,-0.061434,27.327400,-27.150150
PRE_MOTOR,0,1762538606334970,0.029194,0.024402,0.046326,1134.939453,0.028894,27.327400,-27.150150
PRE_MOTOR,0,1762538606344917,0.029194,0.024402,0.046326,1134.937866,-0.675209,27.327400,-27.150150
PRE_MOTOR,0,1762538606354964,0.029194,0.024402,0.046326,1134.939697,0.130687,27.327398,-27.150150
PRE_MOTOR,1762538606371591,1762538606365997,0.029194,0.024402,0.046326,1134.939453,-0.014938,27.327404,-27.150150
PRE_MOTOR,0,1762538606385916,0.029635,0.023738,0.046426,1134.938232,-0.084840,27.327398,-27.150152
PRE_MOTOR,0,1762538606395002,0.029635,0.023738,0.046426,1134.938721,-0.489469,27.327398,-27.150152
PRE_MOTOR,0,1762538606404970,0.029194,0.024402,0.046326,1134.939087,-0.021189,27.327402,-27.150152
PRE_MOTOR,0,1762538606415974,0.029194,0.024402,0.046326,1134.939453,-0.300489,27.327402,-27.150152
PRE_MOTOR,0,1762538606425041,0.029194,0.024402,0.046326,1134.937378,-0.484854,27.327402,-27.150152
PRE_MOTOR,0,1762538606434971,0.029635,0.023738,0.046426,1134.938965,-0.042733,27.327398,-27.150152
PRE_MOTOR,0,1762538606444907,0.029194,0.024402,0.046326,1134.938965,-0.295665,27.327406,-27.150152
PRE_MOTOR,0,1762538606454981,0.029194,0.024402,0.046326,1134.938965,-0.473570,27.327404,-27.150152
PRE_MOTOR,1762538606471558,1762538606466080,0.030076,0.023075,0.046526,1134.939697,0.060234,27.327394,-27.150152
PRE_MOTOR,0,1762538606486898,0.028548,0.022116,0.046914,1134.939331,0.069153,27.327400,-27.150158
PRE_MOTOR,0,1762538606496000,0.028548,0.022116,0.046914,1134.939209,-0.038952,27.327400,-27.150158
PRE_MOTOR,0,1762538606505049,0.028548,0.022116,0.046914,1134.940308,0.481579,27.327400,-27.150158
PRE_MOTOR,0,1762538606516098,0.028548,0.022116,0.046914,1134.939087,-0.072438,27.327400,-27.150158
PRE_MOTOR,0,1762538606525133,0.028548,0.022116,0.046914,1134.939209,-0.208188,27.327404,-27.150158
PRE_MOTOR,0,1762538606534978,0.028548,0.022116,0.046914,1134.939575,0.007242,27.327402,-27.150158
PRE_MOTOR,0,1762538606544926,0.028548,0.022116,0.046914,1134.938965,-0.055291,27.327402,-27.150158
PRE_MOTOR,0,1762538606554979,0.028548,0.022116,0.046914,1134.940063,0.037637,27.327402,-27.150158
PRE_MOTOR,1762538606571658,1762538606566038,0.028548,0.022116,0.046914,1134.938721,-0.355657,27.327398,-27.150158
GPR_MOTOR_START,0,1762538606586927,0.028548,0.022116,0.046914,1134.939575,0.078231,27.327406,-27.150156
SCANNING,0,1762538606595982,0.028548,0.022116,0.046914,1134.938232,-0.494275,27.327404,-27.150156
SCANNING,0,1762538606605092,0.028548,0.022116,0.046914,1134.937744,-0.406806,27.327400,-27.150156
SCANNING,0,1762538606616106,0.028548,0.022116,0.046914,1134.917725,-2.975285,27.327396,-27.150156
SCANNING,0,1762538606625160,0.028548,0.022116,0.046914,1134.898071,-4.081745,27.327400,-27.150156
SCANNING,0,1762538606634977,0.028548,0.022116,0.046914,1134.885254,-0.987612,27.327402,-27.150156
SCANNING,0,1762538606644908,0.028548,0.022116,0.046914,1134.880005,0.653472,27.327402,-27.150156
SCANNING,0,1762538606654991,0.028548,0.022116,0.046914,1134.886963,1.025148,27.327402,-27.150156
SCANNING,1762538606671703,1762538606665935,0.027181,0.022983,0.047417,1134.900391,2.622210,27.327400,-27.150156
SCANNING,0,1762538606686828,0.021895,0.020330,0.045661,1134.949707,3.080932,27.327406,-27.150154
SCANNING,0,1762538606695931,0.027181,0.022983,0.047417,1134.980347,4.036209,27.327402,-27.150154
SCANNING,0,1762538606705103,0.027181,0.022983,0.047417,1135.004517,3.662954,27.327396,-27.150154
SCANNING,0,1762538606716067,0.027181,0.022983,0.047417,1135.029297,2.934601,27.327400,-27.150154
SCANNING,0,1762538606725198,0.027181,0.022983,0.047417,1135.055664,3.176309,27.327400,-27.150154
SCANNING,0,1762538606734919,0.027181,0.022983,0.047417,1135.082031,3.404225,27.327402,-27.150154
SCANNING,0,1762538606744984,0.027181,0.022983,0.047417,1135.109009,3.545601,27.327402,-27.150154
SCANNING,0,1762538606754938,0.027181,0.022983,0.047417,1135.132202,1.657050,27.327400,-27.150154
SCANNING,1762538606771621,1762538606765980,0.021895,0.020330,0.045661,1135.157837,1.053777,27.327404,-27.150154
SCANNING,0,1762538606786889,0.021895,0.020330,0.045661,1135.212769,2.396640,27.327404,-27.150146
SCANNING,0,1762538606796023,0.021895,0.020330,0.045661,1135.237671,0.819628,27.327400,-27.150146
SCANNING,0,1762538606805087,0.021895,0.020330,0.045661,1135.262329,-0.093716,27.327408,-27.150146
SCANNING,0,1762538606816082,0.021895,0.020330,0.045661,1135.289062,1.063798,27.327406,-27.150146
SCANNING,0,1762538606825218,0.021895,0.020330,0.045661,1135.315430,1.010623,27.327406,-27.150146
SCANNING,0,1762538606834985,0.021895,0.020330,0.045661,1135.344238,1.867454,27.327400,-27.150146
SCANNING,0,1762538606844946,0.021895,0.020330,0.045661,1135.373047,1.866389,27.327398,-27.150146
SCANNING,0,1762538606855009,0.021895,0.020330,0.045661,1135.399658,1.910966,27.327402,-27.150146
SCANNING,1762538606871650,1762538606877746,0.021890,0.018143,0.047196,1135.452148,2.064383,27.327404,-27.150156
SCANNING,0,1762538606886871,0.021890,0.018143,0.047196,1135.483398,3.936372,27.327404,-27.150156
SCANNING,0,1762538606895909,0.023125,0.018525,0.046039,1135.505249,3.491491,27.327398,-27.150156
SCANNING,0,1762538606905106,0.023125,0.018525,0.046039,1135.528320,2.422810,27.327402,-27.150156
SCANNING,0,1762538606916019,0.021890,0.018143,0.047196,1135.551270,2.320453,27.327406,-27.150156
SCANNING,0,1762538606925097,0.023125,0.018525,0.046039,1135.578613,2.437014,27.327400,-27.150156
SCANNING,0,1762538606934926,0.023125,0.018525,0.046039,1135.607910,3.450453,27.327400,-27.150156
SCANNING,0,1762538606945024,0.021890,0.018143,0.047196,1135.635864,3.031957,27.327404,-27.150156
SCANNING,0,1762538606954990,0.021890,0.018143,0.047196,1135.658203,2.188022,27.327404,-27.150156
SCANNING,1762538606972591,1762538606965995,0.023125,0.018525,0.046039,1135.680298,1.371366,27.327402,-27.150156
SCANNING,0,1762538606986914,0.023125,0.018525,0.046039,1135.733887,0.803759,27.327402,-27.150152
SCANNING,0,1762538606995948,0.023125,0.018525,0.046039,1135.761353,0.706841,27.327400,-27.150152
SCANNING,0,1762538607016127,0.023125,0.018525,0.046039,1135.816528,4.403843,27.327400,-27.150152
SCANNING,0,1762538607025946,0.023125,0.018525,0.046039,1135.838989,4.262480,27.327404,-27.150152
SCANNING,0,1762538607035904,0.023125,0.018525,0.046039,1135.865967,3.932501,27.327402,-27.150152
SCANNING,0,1762538607045039,0.023125,0.018525,0.046039,1135.888428,1.720926,27.327400,-27.150152
SCANNING,0,1762538607054076,0.023125,0.018525,0.046039,1135.912842,1.290100,27.327400,-27.150152
SCANNING,1762538607071640,1762538607065168,0.023963,0.018755,0.047460,1135.942017,1.707618,27.327408,-27.150152
SCANNING,0,1762538607085078,0.023064,0.018726,0.046881,1135.996460,2.097079,27.327408,-27.150148
SCANNING,0,1762538607094242,0.022165,0.018697,0.046301,1136.025513,2.418434,27.327404,-27.150148
SCANNING,0,1762538607103994,0.021716,0.018683,0.046011,1136.051880,2.457962,27.327402,-27.150148
SCANNING,0,1762538607115042,0.022165,0.018697,0.046301,1136.082642,3.694290,27.327404,-27.150148
SCANNING,0,1762538607124080,0.021716,0.018683,0.046011,1136.109131,2.948979,27.327402,-27.150148
SCANNING,0,1762538607134001,0.022165,0.018697,0.046301,1136.133545,2.224627,27.327404,-27.150148
SCANNING,0,1762538607144043,0.021266,0.018668,0.045722,1136.159424,1.812200,27.327400,-27.150148
SCANNING,0,1762538607154040,0.021716,0.018683,0.046011,1136.187012,1.858557,27.327402,-27.150148
SCANNING,1762538607171623,1762538607165005,0.020817,0.018654,0.045432,1136.213379,2.134608,27.327398,-27.150148
SCANNING,0,1762538607184937,0.019050,0.017012,0.046803,1136.266724,1.753648,27.327404,-27.150148
SCANNING,0,1762538607194089,0.019934,0.017833,0.046117,1136.292969,2.398666,27.327400,-27.150148
SCANNING,0,1762538607204006,0.019050,0.017012,0.046803,1136.318970,1.819110,27.327406,-27.150148
SCANNING,0,1762538607214999,0.020817,0.018654,0.045432,1136.347412,1.971981,27.327398,-27.150148
SCANNING,0,1762538607224055,0.019050,0.017012,0.046803,1136.376221,1.936426,27.327402,-27.150148
SCANNING,0,1762538607233943,0.019050,0.017012,0.046803,1136.399292,0.562628,27.327402,-27.150148
SCANNING,0,1762538607243937,0.019050,0.017012,0.046803,1136.428589,0.909998,27.327406,-27.150148
SCANNING,0,1762538607253925,0.019934,0.017833,0.046117,1136.456055,1.591794,27.327400,-27.150148
SCANNING,1762538607270876,1762538607265047,0.019050,0.017012,0.046803,1136.486328,2.913617,27.327402,-27.150148
SCANNING,0,1762538607285824,0.020190,0.017123,0.049072,1136.535889,2.520005,27.327402,-27.150150
SCANNING,0,1762538607294909,0.019050,0.017012,0.046803,1136.559814,3.547144,27.327400,-27.150150
SCANNING,0,1762538607304040,0.019050,0.017012,0.046803,1136.591797,4.944240,27.327396,-27.150150
SCANNING,0,1762538607314999,0.021330,0.017233,0.051340,1136.617188,4.272823,27.327404,-27.150150
SCANNING,0,1762538607324059,0.019050,0.017012,0.046803,1136.642456,3.395638,27.327400,-27.150150
SCANNING,0,1762538607333962,0.020190,0.017123,0.049072,1136.667358,3.653935,27.327402,-27.150150
SCANNING,0,1762538607343981,0.020190,0.017123,0.049072,1136.691040,3.146198,27.327402,-27.150150
SCANNING,0,1762538607353951,0.021330,0.017233,0.051340,1136.719238,3.670666,27.327410,-27.150150
SCANNING,1762538607370693,1762538607365010,0.021330,0.017233,0.051340,1136.744507,3.955834,27.327404,-27.150150
SCANNING,0,1762538607385906,0.020894,0.017205,0.052461,1136.791016,0.370720,27.327402,-27.150150
SCANNING,0,1762538607394980,0.020894,0.017205,0.052461,1136.820679,1.868674,27.327402,-27.150150
SCANNING,0,1762538607404064,0.020894,0.017205,0.052461,1136.847534,3.263545,27.327402,-27.150150
SCANNING,0,1762538607415095,0.020458,0.017176,0.053583,1136.875610,4.265090,27.327398,-27.150150
SCANNING,0,1762538607424186,0.020458,0.017176,0.053583,1136.900757,3.819780,27.327400,-27.150150
SCANNING,0,1762538607433942,0.021330,0.017233,0.051340,1136.925293,4.128629,27.327404,-27.150150
SCANNING,0,1762538607443920,0.020894,0.017205,0.052461,1136.953857,3.989472,27.327402,-27.150150
SCANNING,0,1762538607454007,0.021330,0.017233,0.051340,1136.979858,3.823600,27.327404,-27.150150
SCANNING,1762538607470545,1762538607484949,0.020458,0.017176,0.053583,1137.062012,3.911563,27.327400,-27.150150
SCANNING,0,1762538607494044,0.020458,0.017176,0.053583,1137.094727,4.106760,27.327402,-27.150150
SCANNING,0,1762538607503953,0.020458,0.017176,0.053583,1137.121948,4.302128,27.327402,-27.150150
SCANNING,0,1762538607515020,0.020458,0.017176,0.053583,1137.146851,4.238337,27.327404,-27.150150
SCANNING,0,1762538607524043,0.020458,0.017176,0.053583,1137.174072,4.185698,27.327410,-27.150150
SCANNING,0,1762538607533924,0.020458,0.017176,0.053583,1137.198853,3.240845,27.327408,-27.150150
SCANNING,0,1762538607543949,0.020458,0.017176,0.053583,1137.229492,4.636793,27.327406,-27.150150
SCANNING,0,1762538607553949,0.020458,0.017176,0.053583,1137.254150,4.392540,27.327400,-27.150150
SCANNING,1762538607571345,1762538607565019,0.019875,0.017036,0.055358,1137.279419,4.413925,27.327400,-27.150150
SCANNING,0,1762538607585856,0.020123,0.016508,0.057273,1137.333496,4.400252,27.327400,-27.150154
SCANNING,0,1762538607594966,0.020123,0.016508,0.057273,1137.362427,4.581868,27.327400,-27.150154
SCANNING,0,1762538607604045,0.020123,0.016508,0.057273,1137.385986,3.372221,27.327400,-27.150154
SCANNING,0,1762538607615073,0.020123,0.016508,0.057273,1137.406372,2.137280,27.327400,-27.150154
SCANNING,0,1762538607624216,0.020247,0.016244,0.058231,1137.433716,2.066336,27.327402,-27.150154
SCANNING,0,1762538607634040,0.020247,0.016244,0.058231,1137.461426,1.910304,27.327402,-27.150154
SCANNING,0,1762538607644061,0.020247,0.016244,0.058231,1137.487793,0.910497,27.327402,-27.150154
SCANNING,0,1762538607653951,0.020123,0.016508,0.057273,1137.517334,1.803628,27.327400,-27.150154
SCANNING,1762538607668923,1762538607665092,0.020247,0.016244,0.058231,1137.541016,1.332988,27.327402,-27.150154
SCANNING,0,1762538607684956,0.020247,0.016244,0.058231,1137.597290,2.259447,27.327400,-27.150154
SCANNING,0,1762538607694028,0.020247,0.016244,0.058231,1137.625488,2.463760,27.327402,-27.150154
SCANNING,0,1762538607703991,0.020247,0.016244,0.058231,1137.650513,2.812270,27.327402,-27.150154
SCANNING,0,1762538607715027,0.018958,0.014537,0.060219,1137.676147,3.751653,27.327404,-27.150154
SCANNING,0,1762538607724115,0.018958,0.014537,0.060219,1137.697632,2.848566,27.327410,-27.150154
SCANNING,0,1762538607733951,0.020247,0.016244,0.058231,1137.729370,3.949840,27.327402,-27.150154
SCANNING,0,1762538607743934,0.018958,0.014537,0.060219,1137.754883,4.985904,27.327406,-27.150154
SCANNING,0,1762538607754059,0.018958,0.014537,0.060219,1137.776001,4.052391,27.327406,-27.150154
SCANNING,1762538607772669,1762538607765053,0.018958,0.014537,0.060219,1137.795776,2.059729,27.327404,-27.150154
SCANNING,0,1762538607784934,0.018958,0.014537,0.060219,1137.849731,2.174687,27.327400,-27.150148
SCANNING,0,1762538607794054,0.018958,0.014537,0.060219,1137.880737,3.251515,27.327406,-27.150148
SCANNING,0,1762538607803974,0.018958,0.014537,0.060219,1137.906006,3.910180,27.327406,-27.150148
SCANNING,0,1762538607815091,0.018958,0.014537,0.060219,1137.932251,4.493144,27.327406,-27.150148
SCANNING,0,1762538607824132,0.018958,0.014537,0.060219,1137.958984,3.034696,27.327404,-27.150148
SCANNING,0,1762538607834118,0.018958,0.014537,0.060219,1137.986816,3.407408,27.327404,-27.150148
SCANNING,0,1762538607843910,0.018958,0.014537,0.060219,1138.014893,3.801822,27.327402,-27.150148
SCANNING,0,1762538607853937,0.018958,0.014537,0.060219,1138.041138,2.694994,27.327404,-27.150148
SCANNING,1762538607871769,1762538607865063,0.019170,0.014660,0.062009,1138.067871,2.910878,27.327412,-27.150148
SCANNING,0,1762538607885849,0.019170,0.014660,0.062009,1138.127686,2.889373,27.327398,-27.150154
SCANNING,0,1762538607894967,0.019170,0.014660,0.062009,1138.153931,3.474258,27.327402,-27.150154
SCANNING,0,1762538607904032,0.019170,0.014660,0.062009,1138.180786,3.404467,27.327402,-27.150154
SCANNING,0,1762538607915027,0.019170,0.014660,0.062009,1138.204102,2.813613,27.327404,-27.150154
SCANNING,0,1762538607924138,0.020623,0.015086,0.062557,1138.235596,3.211265,27.327408,-27.150154
SCANNING,0,1762538607933939,0.020623,0.015086,0.062557,1138.264893,3.455466,27.327408,-27.150154
SCANNING,0,1762538607943943,0.019170,0.014660,0.062009,1138.289185,3.648294,27.327402,-27.150154
SCANNING,0,1762538607953941,0.019170,0.014660,0.062009,1138.316650,3.665295,27.327400,-27.150154
SCANNING,1762538607971692,1762538607965035,0.022075,0.015512,0.063105,1138.340210,3.047447,27.327410,-27.150154
SCANNING,0,1762538607984958,0.022517,0.016502,0.064039,1138.397217,3.827018,27.327404,-27.150156
SCANNING,0,1762538607993950,0.022958,0.017492,0.064972,1138.421265,4.204770,27.327396,-27.150156
SCANNING,0,1762538608003965,0.022958,0.017492,0.064972,1138.448853,3.817981,27.327398,-27.150156
SCANNING,0,1762538608014964,0.022958,0.017492,0.064972,1138.473267,4.081635,27.327400,-27.150156
SCANNING,0,1762538608024064,0.022737,0.016997,0.064505,1138.499390,3.257571,27.327402,-27.150156
SCANNING,0,1762538608033999,0.022958,0.017492,0.064972,1138.523926,2.554549,27.327400,-27.150156
SCANNING,0,1762538608044044,0.022958,0.017492,0.064972,1138.546509,1.667343,27.327400,-27.150156
SCANNING,0,1762538608053937,0.022517,0.016502,0.064039,1138.574829,2.075794,27.327404,-27.150156
SCANNING,1762538608071653,1762538608065002,0.022958,0.017492,0.064972,1138.597900,0.618428,27.327400,-27.150156
SCANNING,0,1762538608085866,0.022958,0.017492,0.064972,1138.653809,1.305057,27.327402,-27.150148
SCANNING,0,1762538608094936,0.022958,0.017492,0.064972,1138.679321,1.061266,27.327400,-27.150148
SCANNING,0,1762538608104015,0.022958,0.017492,0.064972,1138.705444,2.087213,27.327404,-27.150148
SCANNING,0,1762538608115039,0.022958,0.017492,0.064972,1138.731323,0.691178,27.327402,-27.150148
SCANNING,0,1762538608124119,0.022958,0.017492,0.064972,1138.761963,0.929244,27.327400,-27.150148
SCANNING,0,1762538608133914,0.022958,0.017492,0.064972,1138.790771,2.328764,27.327400,-27.150148
SCANNING,0,1762538608143947,0.022958,0.017492,0.064972,1138.814819,3.598900,27.327402,-27.150148
SCANNING,0,1762538608153937,0.022958,0.017492,0.064972,1138.832520,3.034831,27.327400,-27.150148
SCANNING,1762538608171716,1762538608164897,0.025360,0.017962,0.061859,1138.858276,2.403906,27.327408,-27.150148
SCANNING,0,1762538608185801,0.025360,0.017962,0.061859,1138.911865,1.043467,27.327398,-27.150154
SCANNING,0,1762538608194920,0.025360,0.017962,0.061859,1138.938965,1.235191,27.327400,-27.150154
SCANNING,0,1762538608203974,0.025360,0.017962,0.061859,1138.967651,1.888332,27.327402,-27.150154
SCANNING,0,1762538608215043,0.025360,0.017962,0.061859,1138.992188,1.401324,27.327402,-27.150154
SCANNING,0,1762538608224132,0.027917,0.018794,0.063857,1139.023682,2.705183,27.327404,-27.150154
SCANNING,0,1762538608233963,0.027917,0.018794,0.063857,1139.048706,1.865058,27.327404,-27.150154
SCANNING,0,1762538608243927,0.027917,0.018794,0.063857,1139.075195,2.164438,27.327404,-27.150154
SCANNING,0,1762538608253941,0.027917,0.018794,0.063857,1139.104004,2.111889,27.327404,-27.150154
SCANNING,1762538608270341,1762538608285836,0.030473,0.019625,0.065855,1139.186890,1.760356,27.327406,-27.150154
SCANNING,0,1762538608294913,0.029273,0.020221,0.064673,1139.213135,2.701387,27.327402,-27.150154
SCANNING,0,1762538608304990,0.029873,0.019923,0.065264,1139.236572,0.183746,27.327404,-27.150154
SCANNING,0,1762538608315952,0.028073,0.020816,0.063492,1139.263550,0.249542,27.327398,-27.150154
SCANNING,0,1762538608325147,0.030473,0.019625,0.065855,1139.288818,0.323608,27.327408,-27.150154
SCANNING,0,1762538608334928,0.030473,0.019625,0.065855,1139.316528,0.769116,27.327408,-27.150154
SCANNING,0,1762538608344925,0.030473,0.019625,0.065855,1139.344604,1.982153,27.327406,-27.150154
SCANNING,0,1762538608354924,0.028673,0.020518,0.064083,1139.375610,2.492071,27.327400,-27.150154
SCANNING,1762538608369111,1762538608365959,0.028073,0.020816,0.063492,1139.400146,2.218739,27.327398,-27.150154
SCANNING,0,1762538608375983,0.028077,0.020817,0.063494,1139.429199,3.114524,27.327400,-27.150158
SCANNING,0,1762538608395077,0.028082,0.020817,0.063496,1139.482300,3.573377,27.327406,-27.150158
SCANNING,0,1762538608404818,0.028083,0.020817,0.063497,1139.509033,4.534331,27.327408,-27.150158
SCANNING,0,1762538608415764,0.028079,0.020817,0.063495,1139.528687,2.759425,27.327402,-27.150158
SCANNING,0,1762538608424763,0.028160,0.020828,0.063535,1139.551147,2.455888,27.327511,-27.150158
SCANNING,0,1762538608433872,0.028457,0.020870,0.063684,1139.576172,1.705406,27.327913,-27.150158
SCANNING,0,1762538608443987,0.029110,0.020963,0.064009,1139.603882,2.653780,27.328794,-27.150158
SCANNING,0,1762538608453870,0.030122,0.021106,0.064514,1139.632690,2.028860,27.330162,-27.150158
SCANNING,1762538608468998,1762538608464826,0.031375,0.021283,0.065138,1139.656006,1.532503,27.331854,-27.150158
SCANNING,0,1762538608484864,0.037048,0.023416,0.064340,1139.711182,2.912092,27.336039,-27.159733
SCANNING,0,1762538608493920,0.038263,0.023872,0.064169,1139.734497,1.222259,27.338984,-27.159733
SCANNING,0,1762538608503868,0.039603,0.024376,0.063980,1139.761353,0.428672,27.342236,-27.159733
SCANNING,0,1762538608514884,0.041396,0.025050,0.063728,1139.790405,1.105341,27.346584,-27.159733
SCANNING,0,1762538608523911,0.043243,0.025744,0.063468,1139.818726,2.843119,27.351063,-27.159733
SCANNING,0,1762538608533862,0.045436,0.026569,0.063160,1139.841431,4.624806,27.356382,-27.159733
SCANNING,0,1762538608543894,0.047632,0.027394,0.062851,1139.868042,3.971528,27.361708,-27.159733
SCANNING,0,1762538608553874,0.050154,0.028343,0.062496,1139.892334,2.630401,27.367826,-27.159733
SCANNING,1762538608570272,1762538608564844,0.052600,0.029262,0.062152,1139.914551,1.571635,27.373758,-27.159733
SCANNING,0,1762538608584909,0.070123,0.032658,0.061390,1139.970581,2.219094,27.387058,-27.210258
SCANNING,0,1762538608593942,0.072176,0.033056,0.061300,1139.997681,2.162883,27.394537,-27.210258
SCANNING,0,1762538608603810,0.074425,0.033492,0.061203,1140.028442,3.150725,27.402729,-27.210258
SCANNING,0,1762538608614808,0.077025,0.033996,0.061090,1140.052002,2.272321,27.412201,-27.210258
SCANNING,0,1762538608623836,0.079863,0.034546,0.060966,1140.084717,4.060124,27.422537,-27.210258
SCANNING,0,1762538608633842,0.082664,0.035088,0.060844,1140.113770,4.707447,27.432739,-27.210258
SCANNING,0,1762538608643901,0.085254,0.035590,0.060732,1140.136719,2.532375,27.442175,-27.210258
SCANNING,0,1762538608653897,0.087725,0.036069,0.060624,1140.163086,2.479416,27.451174,-27.210258
SCANNING,1762538608669397,1762538608664822,0.090371,0.036582,0.060509,1140.191650,2.936875,27.460812,-27.210258
SCANNING,0,1762538608685806,0.117573,0.041137,0.062950,1140.242432,2.075022,27.483946,-27.307659
SCANNING,0,1762538608694832,0.120323,0.041597,0.063197,1140.268921,1.950025,27.496134,-27.307659
SCANNING,0,1762538608703870,0.122794,0.042011,0.063419,1140.295166,2.208315,27.507080,-27.307659
SCANNING,0,1762538608714845,0.125114,0.042399,0.063627,1140.323486,2.708040,27.517363,-27.307659
SCANNING,0,1762538608723952,0.127460,0.042792,0.063838,1140.351685,3.002927,27.527758,-27.307659
SCANNING,0,1762538608733909,0.129930,0.043206,0.064059,1140.379639,2.562159,27.538702,-27.307659
SCANNING,0,1762538608743877,0.132446,0.043627,0.064285,1140.401733,1.007602,27.549850,-27.307659
SCANNING,0,1762538608753842,0.134806,0.044022,0.064497,1140.426758,0.239596,27.560310,-27.307659
SCANNING,1762538608771283,1762538608764807,0.136968,0.044384,0.064691,1140.457275,1.707144,27.569889,-27.307659
SCANNING,0,1762538608785821,0.161183,0.046634,0.066062,1140.514648,3.117675,27.588779,-27.416788
SCANNING,0,1762538608794841,0.163156,0.046817,0.066174,1140.539429,3.294525,27.599207,-27.416788
SCANNING,0,1762538608803887,0.165258,0.047012,0.066293,1140.562256,3.387541,27.610321,-27.416788
SCANNING,0,1762538608814845,0.167291,0.047201,0.066408,1140.593018,4.487489,27.621067,-27.416788
SCANNING,0,1762538608823914,0.169109,0.047370,0.066511,1140.621948,4.717566,27.630680,-27.416788
SCANNING,0,1762538608833830,0.170803,0.047527,0.066607,1140.645752,3.105373,27.639635,-27.416788
SCANNING,0,1762538608843891,0.172463,0.047681,0.066701,1140.670532,3.499691,27.648411,-27.416788
SCANNING,0,1762538608853880,0.174179,0.047841,0.066798,1140.694946,3.837821,27.657486,-27.416788
SCANNING,1762538608871646,1762538608864847,0.176033,0.048013,0.066903,1140.723999,4.316422,27.667286,-27.416788
SCANNING,0,1762538608885774,0.191647,0.049527,0.069008,1140.770508,2.768607,27.686258,-27.512819
SCANNING,0,1762538608894851,0.192779,0.049636,0.069161,1140.791626,0.404530,27.694599,-27.512819
SCANNING,0,1762538608903901,0.193829,0.049738,0.069303,1140.821045,0.941653,27.702328,-27.512819
SCANNING,0,1762538608914816,0.194892,0.049841,0.069446,1140.847900,2.436640,27.710157,-27.512819
SCANNING,0,1762538608923843,0.196050,0.049953,0.069602,1140.879028,3.857283,27.718685,-27.512819
SCANNING,0,1762538608933890,0.197341,0.050079,0.069776,1140.902100,4.090541,27.728199,-27.512819
SCANNING,0,1762538608943846,0.198628,0.050204,0.069950,1140.929077,4.992059,27.737679,-27.512819
SCANNING,0,1762538608953855,0.199843,0.050321,0.070114,1140.954834,3.588634,27.746622,-27.512819
SCANNING,0,1762538608964865,0.200913,0.050425,0.070258,1140.981812,3.839056,27.754505,-27.512819
SCANNING,1762538608971616,1762538608974840,0.214003,0.051694,0.072023,1141.008911,4.432968,27.762018,-27.601721
SCANNING,0,1762538608994772,0.217297,0.052630,0.072135,1141.063843,3.860444,27.776489,-27.601721
SCANNING,0,1762538609003824,0.219094,0.053141,0.072196,1141.093994,4.471392,27.784380,-27.601721
SCANNING,0,1762538609014788,0.221066,0.053701,0.072263,1141.119141,4.519396,27.793045,-27.601721
SCANNING,0,1762538609023832,0.222994,0.054249,0.072328,1141.145264,3.860936,27.801514,-27.601721
SCANNING,0,1762538609033798,0.224978,0.054813,0.072395,1141.172729,4.135014,27.810230,-27.601721
SCANNING,0,1762538609043916,0.226880,0.055354,0.072460,1141.197388,3.478335,27.818584,-27.601721
SCANNING,0,1762538609053826,0.228721,0.055877,0.072522,1141.226929,4.353355,27.826670,-27.601721
SCANNING,0,1762538609064822,0.230657,0.056427,0.072588,1141.247681,3.611671,27.835176,-27.601721
SCANNING,1762538609071646,1762538609074786,0.251558,0.062367,0.073297,1141.276001,3.682712,27.843967,-27.684740
SCANNING,0,1762538609094793,0.255311,0.063270,0.073097,1141.330933,4.162665,27.863424,-27.684740
SCANNING,0,1762538609103828,0.255311,0.063270,0.073097,1141.359619,4.276212,27.863424,-27.684740
SCANNING,0,1762538609114813,0.258622,0.064067,0.072920,1141.383545,3.004322,27.880589,-27.684740
SCANNING,0,1762538609123880,0.260193,0.064445,0.072836,1141.406860,2.256463,27.888733,-27.684740
SCANNING,0,1762538609133850,0.261774,0.064825,0.072752,1141.433228,2.189840,27.896927,-27.684740
SCANNING,0,1762538609143874,0.263361,0.065207,0.072668,1141.462158,2.246770,27.905153,-27.684740
SCANNING,0,1762538609153890,0.265106,0.065627,0.072574,1141.488647,1.019130,27.914202,-27.684740
SCANNING,0,1762538609164865,0.266918,0.066062,0.072478,1141.516357,1.149195,27.923595,-27.684740
SCANNING,1762538609171708,1762538609174881,0.286040,0.070663,0.071458,1141.542236,1.994855,27.932856,-27.774609
SCANNING,0,1762538609195068,0.289349,0.071602,0.071398,1141.598145,1.870124,27.950264,-27.774609
SCANNING,0,1762538609203936,0.291081,0.072093,0.071367,1141.627075,2.699893,27.959375,-27.774609
SCANNING,0,1762538609214918,0.292817,0.072585,0.071335,1141.651489,2.594144,27.968504,-27.774609
SCANNING,0,1762538609224002,0.294664,0.073109,0.071302,1141.677490,3.382709,27.978222,-27.774609
SCANNING,0,1762538609233922,0.296546,0.073643,0.071268,1141.701294,3.242928,27.988121,-27.774609
SCANNING,0,1762538609243838,0.298337,0.074151,0.071235,1141.731812,3.377966,27.997540,-27.774609
SCANNING,0,1762538609253841,0.300021,0.074628,0.071205,1141.760498,5.559453,28.006401,-27.774609
SCANNING,0,1762538609264901,0.301616,0.075081,0.071176,1141.778442,4.081340,28.014788,-27.774609
SCANNING,1762538609271657,1762538609274908,0.320887,0.080546,0.070827,1141.797852,2.138182,28.023548,-27.867218
SCANNING,0,1762538609294941,0.325095,0.082080,0.070649,1141.850098,1.399901,28.042650,-27.867218
SCANNING,0,1762538609304006,0.327259,0.082869,0.070557,1141.883911,3.051423,28.052471,-27.867218
SCANNING,0,1762538609314944,0.329292,0.083610,0.070471,1141.907715,3.536731,28.061699,-27.867218
SCANNING,0,1762538609323981,0.331227,0.084315,0.070389,1141.937012,4.174244,28.070482,-27.867218
SCANNING,0,1762538609333905,0.333157,0.085019,0.070308,1141.961670,3.380973,28.079245,-27.867218
SCANNING,0,1762538609343909,0.335235,0.085776,0.070220,1141.989258,3.560777,28.088676,-27.867218
SCANNING,0,1762538609353934,0.337441,0.086581,0.070126,1142.015991,3.543053,28.098690,-27.867218
SCANNING,0,1762538609364847,0.339722,0.087412,0.070030,1142.042725,2.593796,28.109045,-27.867218
SCANNING,1762538609371238,1762538609374845,0.362281,0.095636,0.069075,1142.069580,2.147318,28.118845,-27.959818
SCANNING,0,1762538609394924,0.371935,0.097107,0.070001,1142.129150,2.611757,28.135756,-27.959818
SCANNING,0,1762538609403943,0.376516,0.097805,0.070441,1142.153564,1.946904,28.143782,-27.959818
SCANNING,0,1762538609414914,0.381372,0.098545,0.070907,1142.180908,2.228305,28.152288,-27.959818
SCANNING,0,1762538609423972,0.386624,0.099346,0.071411,1142.206543,2.087042,28.161489,-27.959818
SCANNING,0,1762538609433900,0.392120,0.100183,0.071939,1142.236938,2.138012,28.171116,-27.959818
SCANNING,0,1762538609443887,0.397494,0.101002,0.072454,1142.264893,2.368257,28.180531,-27.959818
SCANNING,0,1762538609453930,0.402429,0.101754,0.072928,1142.286865,1.799696,28.189175,-27.959818
SCANNING,1762538609470866,1762538609464875,0.407013,0.102453,0.073368,1142.315674,2.328903,28.197206,-27.959818
SCANNING,0,1762538609493967,0.433166,0.110144,0.074370,1142.395996,3.195256,28.222408,-28.047121
SCANNING,0,1762538609503909,0.435352,0.110787,0.074454,1142.425659,4.374885,28.231813,-28.047121
SCANNING,0,1762538609514982,0.437533,0.111428,0.074537,1142.449219,3.841178,28.241196,-28.047121
SCANNING,0,1762538609523949,0.439565,0.112025,0.074615,1142.478394,4.179851,28.249935,-28.047121
SCANNING,0,1762538609533902,0.441522,0.112601,0.074690,1142.501343,3.825112,28.258356,-28.047121
SCANNING,0,1762538609543904,0.443466,0.113173,0.074765,1142.525879,2.707026,28.266716,-28.047121
SCANNING,0,1762538609553897,0.445549,0.113785,0.074844,1142.549438,2.197904,28.275679,-28.047121
SCANNING,1762538609570542,1762538609564776,0.447837,0.114458,0.074932,1142.574219,1.731372,28.285521,-28.047121
SCANNING,0,1762538609594915,0.474402,0.121523,0.070448,1142.653198,1.021008,28.314949,-28.137300
SCANNING,0,1762538609603909,0.476089,0.121972,0.070163,1142.679077,1.296479,28.322544,-28.137300
SCANNING,0,1762538609614916,0.477939,0.122464,0.069851,1142.707031,1.905908,28.330872,-28.137300
SCANNING,0,1762538609623961,0.479960,0.123001,0.069510,1142.733521,0.820091,28.339973,-28.137300
SCANNING,0,1762538609633922,0.482193,0.123595,0.069133,1142.762085,0.734589,28.350029,-28.137300
SCANNING,0,1762538609643821,0.484538,0.124219,0.068737,1142.792358,2.271137,28.360586,-28.137300
SCANNING,0,1762538609653916,0.486754,0.124808,0.068363,1142.817017,3.652976,28.370562,-28.137300
SCANNING,1762538609669674,1762538609664789,0.488757,0.125341,0.068025,1142.835083,3.742982,28.379581,-28.137300
SCANNING,0,1762538609674834,0.505123,0.128265,0.066071,1142.858887,2.717775,28.387867,-28.230946
SCANNING,0,1762538609693917,0.507821,0.128747,0.065749,1142.909302,-0.083832,28.404669,-28.230946
SCANNING,0,1762538609703912,0.509370,0.129024,0.065565,1142.939453,1.080958,28.414318,-28.230946
SCANNING,0,1762538609714799,0.511013,0.129317,0.065368,1142.966553,1.352985,28.424549,-28.230946
SCANNING,0,1762538609723826,0.512567,0.129595,0.065183,1142.992310,1.514201,28.434231,-28.230946
SCANNING,0,1762538609732931,0.513986,0.129849,0.065014,1143.020874,2.349817,28.443066,-28.230946
SCANNING,0,1762538609742872,0.515318,0.130087,0.064855,1143.046753,1.447641,28.451365,-28.230946
SCANNING,0,1762538609752908,0.516684,0.130331,0.064691,1143.074341,2.391176,28.459871,-28.230946
SCANNING,0,1762538609764808,0.518114,0.130586,0.064521,1143.102539,1.851053,28.468777,-28.230946
SCANNING,1762538609771625,1762538609774815,0.534047,0.133433,0.062619,1143.130615,1.375103,28.478367,-28.320589
SCANNING,0,1762538609793933,0.538350,0.134484,0.062520,1143.183960,0.969648,28.496248,-28.320589
SCANNING,0,1762538609802977,0.540146,0.134922,0.062479,1143.211304,1.700237,28.503712,-28.320589
SCANNING,0,1762538609814801,0.541796,0.135325,0.062441,1143.237061,0.754059,28.510571,-28.320589
SCANNING,0,1762538609823879,0.543372,0.135710,0.062405,1143.263428,0.424982,28.517122,-28.320589
SCANNING,0,1762538609832912,0.545025,0.136114,0.062367,1143.289062,0.565709,28.523991,-28.320589
SCANNING,0,1762538609842893,0.546700,0.136523,0.062328,1143.317017,1.470359,28.530951,-28.320589
SCANNING,0,1762538609852898,0.548522,0.136968,0.062286,1143.343506,0.928069,28.538523,-28.320589
SCANNING,0,1762538609864779,0.550312,0.137405,0.062245,1143.374756,1.769597,28.545961,-28.320589
SCANNING,1762538609871639,1762538609874756,0.568581,0.141866,0.061825,1143.399536,1.391883,28.552771,-28.389704
SCANNING,0,1762538609893857,0.571463,0.142260,0.061636,1143.457520,2.834807,28.564129,-28.389704
SCANNING,0,1762538609902893,0.572786,0.142441,0.061550,1143.484375,2.693462,28.569342,-28.389704
SCANNING,0,1762538609914716,0.574091,0.142620,0.061465,1143.510620,4.027228,28.574484,-28.389704
SCANNING,0,1762538609923721,0.575422,0.142802,0.061378,1143.534790,3.241051,28.579729,-28.389704
SCANNING,0,1762538609932894,0.576856,0.142998,0.061284,1143.556396,3.093337,28.585381,-28.389704
SCANNING,0,1762538609942940,0.578358,0.143204,0.061185,1143.584473,3.834949,28.591303,-28.389704
SCANNING,0,1762538609952839,0.579936,0.143420,0.061082,1143.613403,4.543495,28.597521,-28.389704
SCANNING,0,1762538609964252,0.581605,0.143648,0.060973,1143.638672,3.409430,28.604097,-28.389704
SCANNING,1762538609971587,1762538609974705,0.597263,0.145791,0.059949,1143.661499,2.719032,28.610607,-28.444902
SCANNING,0,1762538609993842,0.603314,0.147111,0.059601,1143.713135,2.321905,28.623058,-28.444902
SCANNING,0,1762538610002898,0.606014,0.147700,0.059446,1143.737549,1.923330,28.628613,-28.444902
SCANNING,0,1762538610014719,0.608941,0.148339,0.059277,1143.763428,0.911131,28.634634,-28.444902
SCANNING,0,1762538610023875,0.611985,0.149003,0.059102,1143.791138,0.200674,28.640898,-28.444902
SCANNING,0,1762538610032885,0.615266,0.149718,0.058914,1143.820312,2.644677,28.647648,-28.444902
SCANNING,0,1762538610042892,0.618891,0.150509,0.058705,1143.844727,3.991493,28.655107,-28.444902
SCANNING,0,1762538610052893,0.622724,0.151346,0.058485,1143.871826,4.210980,28.662994,-28.444902
SCANNING,1762538610071673,1762538610064140,0.626787,0.152232,0.058251,1143.896362,3.252903,28.671354,-28.444902
SCANNING,0,1762538610084205,0.646249,0.154035,0.058522,1143.948608,3.120349,28.687157,-28.508577
SCANNING,0,1762538610093260,0.647992,0.154196,0.058546,1143.975342,3.031933,28.694279,-28.508577
SCANNING,0,1762538610102939,0.649748,0.154359,0.058570,1144.002563,3.469117,28.701450,-28.508577
SCANNING,0,1762538610114143,0.651589,0.154530,0.058596,1144.033813,3.938788,28.708965,-28.508577
SCANNING,0,1762538610123319,0.653595,0.154715,0.058624,1144.057739,3.505458,28.717159,-28.508577
SCANNING,0,1762538610132885,0.655823,0.154922,0.058655,1144.089355,4.545857,28.726259,-28.508577
SCANNING,0,1762538610142879,0.658151,0.155137,0.058687,1144.117798,4.999889,28.735765,-28.508577
SCANNING,0,1762538610152887,0.660461,0.155351,0.058719,1144.138550,2.676805,28.745197,-28.508577
SCANNING,1762538610171618,1762538610164200,0.662540,0.155544,0.058748,1144.166992,3.376666,28.753689,-28.508577
SCANNING,0,1762538610193286,0.688408,0.160788,0.055395,1144.243286,2.422998,28.779665,-28.589083
SCANNING,0,1762538610202850,0.690793,0.161272,0.055086,1144.269287,2.701114,28.789480,-28.589083
SCANNING,0,1762538610214849,0.693122,0.161744,0.054784,1144.294312,1.955416,28.799068,-28.589083
SCANNING,0,1762538610223889,0.695561,0.162238,0.054468,1144.323364,2.728369,28.809105,-28.589083
SCANNING,0,1762538610232877,0.697825,0.162697,0.054174,1144.351929,3.174994,28.818426,-28.589083
SCANNING,0,1762538610242804,0.700002,0.163139,0.053892,1144.377563,1.975711,28.827387,-28.589083
SCANNING,0,1762538610252853,0.702306,0.163606,0.053594,1144.402466,1.417559,28.836872,-28.589083
SCANNING,1762538610271647,1762538610264124,0.704764,0.164104,0.053275,1144.428711,0.840914,28.846989,-28.589083
SCANNING,0,1762538610294685,0.721098,0.167337,0.054006,1144.514526,1.844498,28.878349,-28.678516
SCANNING,0,1762538610303248,0.722349,0.167585,0.054062,1144.541016,2.838786,28.887594,-28.678516
SCANNING,0,1762538610314734,0.723665,0.167845,0.054121,1144.565552,3.361043,28.897326,-28.678516
SCANNING,0,1762538610323806,0.725006,0.168111,0.054181,1144.598389,4.340947,28.907248,-28.678516
SCANNING,0,1762538610332913,0.726492,0.168405,0.054248,1144.625977,4.163013,28.918236,-28.678516
SCANNING,0,1762538610342895,0.727989,0.168701,0.054315,1144.649780,3.602727,28.929302,-28.678516
SCANNING,0,1762538610352854,0.729371,0.168975,0.054377,1144.674927,3.825310,28.939524,-28.678516
SCANNING,0,1762538610364667,0.730626,0.169223,0.054433,1144.699341,3.852629,28.948809,-28.678516
SCANNING,1762538610371550,1762538610374154,0.744693,0.172008,0.055063,1144.728149,3.968680,28.957962,-28.773386
SCANNING,0,1762538610394671,0.752733,0.173396,0.053863,1144.778198,3.510757,28.977306,-28.773386
SCANNING,0,1762538610403309,0.757151,0.174158,0.053204,1144.798340,2.304153,28.987936,-28.773386
SCANNING,0,1762538610414749,0.761354,0.174883,0.052577,1144.822388,0.903359,28.998047,-28.773386
SCANNING,0,1762538610423796,0.765284,0.175562,0.051990,1144.850464,1.530224,29.007502,-28.773386
SCANNING,0,1762538610432804,0.768997,0.176203,0.051436,1144.882446,2.684005,29.016436,-28.773386
SCANNING,0,1762538610442810,0.772898,0.176876,0.050854,1144.908936,3.730829,29.025822,-28.773386
SCANNING,0,1762538610452905,0.777335,0.177642,0.050192,1144.935791,4.245198,29.036497,-28.773386
SCANNING,1762538610470998,1762538610464715,0.782106,0.178465,0.049480,1144.961792,3.541647,29.047976,-28.773386
SCANNING,0,1762538610483899,0.800284,0.182015,0.050607,1145.015503,3.502468,29.068018,-28.855598
SCANNING,0,1762538610492945,0.802034,0.182356,0.050716,1145.041992,2.755916,29.077858,-28.855598
SCANNING,0,1762538610502901,0.804079,0.182756,0.050843,1145.068359,3.160300,29.089361,-28.855598
SCANNING,0,1762538610514135,0.806782,0.183283,0.051010,1145.097046,2.402740,29.104567,-28.855598
SCANNING,0,1762538610523210,0.809740,0.183861,0.051194,1145.124756,2.989421,29.121206,-28.855598
SCANNING,0,1762538610532837,0.812202,0.184342,0.051347,1145.154053,3.010267,29.135054,-28.855598
SCANNING,0,1762538610542901,0.814278,0.184747,0.051475,1145.182617,3.780547,29.146734,-28.855598
SCANNING,0,1762538610552919,0.816498,0.185181,0.051613,1145.204590,2.742688,29.159222,-28.855598
SCANNING,1762538610570637,1762538610564223,0.819045,0.185678,0.051771,1145.235718,3.413271,29.173548,-28.855598
SCANNING,0,1762538610584703,0.838139,0.186221,0.053724,1145.287964,3.972675,29.201229,-28.916273
SCANNING,0,1762538610593265,0.840965,0.186302,0.054013,1145.312622,2.986234,29.214310,-28.916273
SCANNING,0,1762538610602899,0.844211,0.186394,0.054345,1145.337646,2.659525,29.229328,-28.916273
SCANNING,0,1762538610614854,0.847597,0.186491,0.054691,1145.368774,3.743875,29.244997,-28.916273
SCANNING,0,1762538610623848,0.850647,0.186578,0.055003,1145.394897,4.048276,29.259111,-28.916273
SCANNING,0,1762538610632846,0.853392,0.186656,0.055284,1145.418701,4.906225,29.271814,-28.916273
SCANNING,0,1762538610642931,0.855928,0.186728,0.055544,1145.443848,3.503511,29.283550,-28.916273
SCANNING,0,1762538610652892,0.858606,0.186804,0.055818,1145.471313,3.748188,29.295944,-28.916273
SCANNING,1762538610671768,1762538610664735,0.861133,0.186876,0.056076,1145.494141,2.414824,29.307636,-28.916273
SCANNING,0,1762538610684857,0.884037,0.185318,0.054686,1145.546143,1.804354,29.327015,-28.986965
SCANNING,0,1762538610693945,0.886486,0.185152,0.054537,1145.572144,1.585391,29.336649,-28.986965
SCANNING,0,1762538610702918,0.889153,0.184970,0.054375,1145.598755,0.989196,29.347137,-28.986965
SCANNING,0,1762538610714810,0.892064,0.184772,0.054198,1145.627808,1.266442,29.358583,-28.986965
SCANNING,0,1762538610723884,0.894907,0.184579,0.054026,1145.654053,1.859598,29.369762,-28.986965
SCANNING,0,1762538610732837,0.897527,0.184401,0.053867,1145.678467,1.552135,29.380068,-28.986965
SCANNING,0,1762538610742911,0.900021,0.184231,0.053715,1145.703735,1.835854,29.389874,-28.986965
SCANNING,0,1762538610752897,0.902474,0.184064,0.053567,1145.733643,1.810095,29.399521,-28.986965
SCANNING,1762538610771668,1762538610764841,0.905036,0.183890,0.053411,1145.763550,1.611852,29.409597,-28.986965
SCANNING,0,1762538610784797,0.927185,0.183329,0.052107,1145.808472,3.522028,29.430122,-29.076929
SCANNING,0,1762538610793913,0.928978,0.183283,0.052001,1145.824829,1.491853,29.439066,-29.076929
SCANNING,0,1762538610802921,0.930594,0.183242,0.051906,1145.854614,1.812392,29.447126,-29.076929
SCANNING,0,1762538610814757,0.932218,0.183201,0.051810,1145.883179,0.908160,29.455225,-29.076929
SCANNING,0,1762538610823842,0.933968,0.183157,0.051707,1145.910767,1.326525,29.463955,-29.076929
SCANNING,0,1762538610832851,0.935912,0.183108,0.051593,1145.936768,1.008534,29.473652,-29.076929
SCANNING,0,1762538610842826,0.938013,0.183054,0.051469,1145.964966,1.935055,29.484135,-29.076929
SCANNING,0,1762538610852886,0.940079,0.183002,0.051347,1145.990234,1.487260,29.494440,-29.076929
SCANNING,1762538610871708,1762538610864194,0.941970,0.182954,0.051236,1146.017578,1.715472,29.503874,-29.076929
SCANNING,0,1762538610902865,0.957360,0.183947,0.049806,1146.126709,1.669444,29.539331,-29.160839
SCANNING,0,1762538610922853,0.959850,0.184108,0.049575,1146.182983,2.041900,29.558640,-29.160839
SCANNING,0,1762538610933033,0.960952,0.184179,0.049473,1146.209473,1.949662,29.567188,-29.160839
SCANNING,0,1762538610942906,0.962013,0.184247,0.049374,1146.237183,1.147964,29.575417,-29.160839
SCANNING,0,1762538610952921,0.963092,0.184317,0.049274,1146.262817,0.481539,29.583784,-29.160839
SCANNING,1762538610971388,1762538610982930,0.977412,0.185241,0.047944,1146.340942,1.349293,29.611862,-29.243826
SCANNING,0,1762538610992899,0.982377,0.185616,0.046956,1146.372803,2.183953,29.621176,-29.243826
SCANNING,0,1762538611002932,0.986960,0.185963,0.046045,1146.400635,2.525772,29.629774,-29.243826
SCANNING,0,1762538611022980,0.996079,0.186653,0.044231,1146.451660,3.349202,29.646881,-29.243826
SCANNING,0,1762538611032044,1.000996,0.187024,0.043252,1146.478149,3.441493,29.656105,-29.243826
SCANNING,0,1762538611041826,1.006250,0.187422,0.042207,1146.501953,3.996309,29.665962,-29.243826
SCANNING,0,1762538611051822,1.011443,0.187814,0.041174,1146.526367,2.206627,29.675703,-29.243826
SCANNING,1762538611071602,1762538611063874,1.016371,0.188187,0.040194,1146.548706,1.886814,29.684948,-29.243826
SCANNING,0,1762538611082915,1.037734,0.189952,0.036614,1146.600098,1.252882,29.701641,-29.326176
SCANNING,0,1762538611091955,1.039564,0.190104,0.036308,1146.629517,1.346855,29.710125,-29.326176
SCANNING,0,1762538611101880,1.041469,0.190261,0.035988,1146.654053,0.758431,29.718958,-29.326176
SCANNING,0,1762538611113819,1.043527,0.190431,0.035644,1146.679932,1.611996,29.728502,-29.326176
SCANNING,0,1762538611122788,1.045589,0.190602,0.035298,1146.707886,2.534072,29.738062,-29.326176
SCANNING,0,1762538611131889,1.047539,0.190763,0.034971,1146.733154,0.966659,29.747101,-29.326176
SCANNING,0,1762538611141870,1.049385,0.190915,0.034662,1146.762451,1.198144,29.755659,-29.326176
SCANNING,0,1762538611151867,1.051210,0.191066,0.034356,1146.789429,1.234911,29.764120,-29.326176
SCANNING,1762538611172667,1762538611163804,1.053097,0.191222,0.034040,1146.815552,4.071873,29.772869,-29.326176
SCANNING,0,1762538611182883,1.067720,0.192391,0.030932,1146.861816,3.112418,29.791920,-29.412394
SCANNING,0,1762538611191977,1.069054,0.192497,0.030648,1146.886963,1.510793,29.801523,-29.412394
SCANNING,0,1762538611201898,1.070349,0.192601,0.030373,1146.912598,1.181969,29.810843,-29.412394
SCANNING,0,1762538611213780,1.071546,0.192697,0.030118,1146.941284,1.760826,29.819462,-29.412394
SCANNING,0,1762538611222841,1.072717,0.192790,0.029870,1146.967651,2.160996,29.827890,-29.412394
SCANNING,0,1762538611231872,1.073990,0.192892,0.029599,1146.993530,1.490404,29.837059,-29.412394
SCANNING,0,1762538611241906,1.075358,0.193001,0.029308,1147.024536,2.409920,29.846905,-29.412394
SCANNING,0,1762538611251870,1.076850,0.193121,0.028991,1147.050049,2.204269,29.857649,-29.412394
SCANNING,0,1762538611263775,1.078302,0.193237,0.028682,1147.078003,2.840098,29.868097,-29.412394
SCANNING,1762538611271765,1762538611273728,1.091467,0.194289,0.025884,1147.106323,3.077013,29.877291,-29.497976
SCANNING,0,1762538611293775,1.098776,0.194794,0.024100,1147.160156,2.023529,29.895010,-29.497976
SCANNING,0,1762538611302799,1.102632,0.195061,0.023159,1147.186523,1.271051,29.904358,-29.497976
SCANNING,0,1762538611313719,1.106898,0.195356,0.022118,1147.214844,2.463167,29.914698,-29.497976
SCANNING,0,1762538611322765,1.111256,0.195657,0.021055,1147.239258,1.062569,29.925262,-29.497976
SCANNING,0,1762538611331834,1.115283,0.195936,0.020072,1147.266479,1.374398,29.935026,-29.497976
SCANNING,0,1762538611341832,1.118952,0.196190,0.019176,1147.291992,1.273220,29.943920,-29.497976
SCANNING,0,1762538611351881,1.122448,0.196431,0.018323,1147.318848,0.966525,29.952394,-29.497976
SCANNING,1762538611371622,1762538611363783,1.126088,0.196683,0.017435,1147.349243,2.804873,29.961218,-29.497976
SCANNING,0,1762538611383807,1.147865,0.199197,0.014525,1147.402466,1.683613,29.981071,-29.587189
SCANNING,0,1762538611392902,1.149878,0.199429,0.014256,1147.428223,0.975756,29.991150,-29.587189
SCANNING,0,1762538611401879,1.151649,0.199634,0.014019,1147.457764,1.916028,30.000023,-29.587189
SCANNING,0,1762538611413857,1.153289,0.199823,0.013800,1147.486084,1.997144,30.008236,-29.587189
SCANNING,0,1762538611422816,1.154887,0.200007,0.013587,1147.513428,3.715703,30.016235,-29.587189
SCANNING,0,1762538611431855,1.156630,0.200209,0.013354,1147.537842,3.255940,30.024967,-29.587189
SCANNING,0,1762538611441816,1.158541,0.200429,0.013099,1147.559570,3.076939,30.034538,-29.587189
SCANNING,0,1762538611451907,1.160507,0.200656,0.012836,1147.590820,4.849436,30.044382,-29.587189
SCANNING,1762538611470932,1762538611463747,1.162385,0.200873,0.012585,1147.617676,4.253469,30.053789,-29.587189
SCANNING,0,1762538611492925,1.182692,0.201635,0.011236,1147.691406,3.047405,30.077642,-29.671797
SCANNING,0,1762538611501984,1.184223,0.201693,0.011134,1147.720703,4.208295,30.085821,-29.671797
SCANNING,0,1762538611513766,1.185811,0.201752,0.011028,1147.744507,3.834014,30.094305,-29.671797
SCANNING,0,1762538611522830,1.187568,0.201818,0.010912,1147.766479,1.482955,30.103687,-29.671797
SCANNING,0,1762538611531889,1.189390,0.201887,0.010791,1147.791260,0.507533,30.113417,-29.671797
SCANNING,0,1762538611541918,1.191093,0.201951,0.010678,1147.821045,1.938792,30.122513,-29.671797
SCANNING,0,1762538611551911,1.192611,0.202008,0.010577,1147.847534,3.893970,30.130625,-29.671797
SCANNING,1762538611571555,1762538611563785,1.194005,0.202060,0.010484,1147.875122,3.861497,30.138069,-29.671797
SCANNING,0,1762538611582875,1.211376,0.200428,0.008211,1147.923462,3.850146,30.152866,-29.750843
SCANNING,0,1762538611591927,1.212944,0.200281,0.008006,1147.951660,3.413604,30.161333,-29.750843
SCANNING,0,1762538611601882,1.214621,0.200123,0.007786,1147.978882,3.592530,30.170393,-29.750843
SCANNING,0,1762538611613892,1.216314,0.199964,0.007564,1148.006348,3.918538,30.179541,-29.750843
SCANNING,0,1762538611622819,1.217952,0.199810,0.007350,1148.034790,3.339933,30.188389,-29.750843
SCANNING,0,1762538611631820,1.219477,0.199667,0.007150,1148.062134,3.908044,30.196629,-29.750843
SCANNING,0,1762538611641894,1.220847,0.199538,0.006971,1148.093628,4.217364,30.204027,-29.750843
SCANNING,0,1762538611651821,1.222219,0.199409,0.006792,1148.122192,4.306301,30.211437,-29.750843
SCANNING,1762538611671645,1762538611663763,1.223638,0.199276,0.006606,1148.146729,3.834270,30.219105,-29.750843
SCANNING,0,1762538611682893,1.242810,0.198428,0.004558,1148.198242,3.337644,30.236601,-29.827734
SCANNING,0,1762538611691912,1.244829,0.198339,0.004342,1148.227783,4.061499,30.246540,-29.827734
SCANNING,0,1762538611701870,1.246656,0.198258,0.004147,1148.252808,4.400918,30.255539,-29.827734
SCANNING,0,1762538611713766,1.248352,0.198183,0.003965,1148.280151,4.136649,30.263885,-29.827734
SCANNING,0,1762538611722790,1.249882,0.198116,0.003802,1148.306396,3.899244,30.271418,-29.827734
SCANNING,0,1762538611731895,1.251364,0.198050,0.003644,1148.334473,4.382274,30.278713,-29.827734
SCANNING,0,1762538611741919,1.253038,0.197976,0.003465,1148.361938,4.032157,30.286957,-29.827734
SCANNING,0,1762538611751895,1.254757,0.197900,0.003281,1148.387939,3.748245,30.295422,-29.827734
SCANNING,1762538611771740,1762538611763754,1.256498,0.197823,0.003095,1148.407471,2.643398,30.303991,-29.827734
SCANNING,0,1762538611782909,1.276539,0.197532,0.004516,1148.462402,2.196436,30.320482,-29.907986
SCANNING,0,1762538611791959,1.278172,0.197508,0.004631,1148.489014,1.248522,30.328363,-29.907986
SCANNING,0,1762538611801968,1.279937,0.197483,0.004756,1148.515991,1.525513,30.336884,-29.907986
SCANNING,0,1762538611813822,1.281899,0.197454,0.004895,1148.542603,1.835533,30.346355,-29.907986
SCANNING,0,1762538611822792,1.284086,0.197423,0.005050,1148.570923,3.394395,30.356911,-29.907986
SCANNING,0,1762538611831910,1.286335,0.197390,0.005210,1148.598267,2.315560,30.367769,-29.907986
SCANNING,0,1762538611841862,1.288313,0.197361,0.005350,1148.626709,2.796346,30.377316,-29.907986
SCANNING,0,1762538611851902,1.290038,0.197336,0.005472,1148.652100,2.940768,30.385645,-29.907986
SCANNING,1762538611871774,1762538611863771,1.291712,0.197312,0.005591,1148.676025,3.043900,30.393724,-29.907986
SCANNING,0,1762538611883125,1.307868,0.195889,0.006264,1148.731812,4.015512,30.410818,-29.994619
SCANNING,0,1762538611892268,1.309348,0.195758,0.006325,1148.756836,5.229642,30.420317,-29.994619
SCANNING,0,1762538611901910,1.310509,0.195656,0.006374,1148.782837,4.678176,30.427771,-29.994619
SCANNING,0,1762538611913896,1.311648,0.195555,0.006421,1148.799072,1.964875,30.435085,-29.994619
SCANNING,0,1762538611922998,1.312826,0.195452,0.006470,1148.821655,0.911723,30.442648,-29.994619
SCANNING,0,1762538611932099,1.313786,0.195367,0.006510,1148.850708,1.579798,30.448811,-29.994619
SCANNING,0,1762538611941920,1.314714,0.195285,0.006549,1148.881836,1.896844,30.454773,-29.994619
SCANNING,0,1762538611951932,1.315656,0.195202,0.006588,1148.909668,3.008486,30.460815,-29.994619
SCANNING,1762538611971665,1762538611963921,1.316568,0.195122,0.006626,1148.936768,3.375243,30.466673,-29.994619
SCANNING,0,1762538611983911,1.322368,0.193686,0.009144,1148.988525,2.741866,30.477510,-30.060369
SCANNING,0,1762538611992958,1.322704,0.193603,0.009289,1149.015991,2.664592,30.481939,-30.060369
SCANNING,0,1762538612002099,1.323006,0.193528,0.009420,1149.042725,2.324551,30.485926,-30.060369
SCANNING,0,1762538612013845,1.323259,0.193465,0.009531,1149.070435,3.179271,30.489275,-30.060369
SCANNING,0,1762538612022969,1.323498,0.193406,0.009634,1149.097778,2.101738,30.492435,-30.060369
SCANNING,0,1762538612032070,1.323667,0.193364,0.009708,1149.125122,3.270622,30.494661,-30.060369
SCANNING,0,1762538612041900,1.323812,0.193328,0.009771,1149.153442,3.360110,30.496580,-30.060369
SCANNING,0,1762538612051864,1.323928,0.193299,0.009821,1149.181519,4.318710,30.498106,-30.060369
SCANNING,1762538612072638,1762538612063854,1.324002,0.193281,0.009853,1149.204346,3.247867,30.499084,-30.060369
SCANNING,0,1762538612083299,1.323268,0.193821,0.010495,1149.259644,4.435982,30.499809,-30.080149
SCANNING,0,1762538612092892,1.323268,0.193821,0.010495,1149.284424,4.697721,30.499664,-30.080149
SCANNING,0,1762538612101962,1.323268,0.193821,0.010495,1149.311768,4.111801,30.499477,-30.080149
SCANNING,0,1762538612121995,1.323268,0.193821,0.010495,1149.363647,3.699113,30.499069,-30.080149
SCANNING,0,1762538612131919,1.323268,0.193821,0.010495,1149.391602,3.630568,30.498898,-30.080149
SCANNING,0,1762538612141922,1.323268,0.193821,0.010495,1149.413574,3.790168,30.498692,-30.080149
SCANNING,1762538612171726,1762538612151925,1.323268,0.193821,0.010495,1149.441895,3.974331,30.498480,-30.080149
SCANNING,0,1762538612192913,1.322393,0.192425,0.013214,1149.542236,1.526246,30.498421,-30.079517
SCANNING,0,1762538612202024,1.322393,0.192425,0.013214,1149.570435,2.263225,30.498423,-30.079517
SCANNING,0,1762538612222027,1.322393,0.192425,0.013214,1149.625244,1.119360,30.498430,-30.079517
SCANNING,0,1762538612231944,1.322393,0.192425,0.013214,1149.652344,1.583356,30.498436,-30.079517
SCANNING,0,1762538612241950,1.322393,0.192425,0.013214,1149.679810,2.043140,30.498434,-30.079517
SCANNING,0,1762538612251932,1.322393,0.192425,0.013214,1149.703857,2.125024,30.498425,-30.079517
SCANNING,1762538612271621,1762538612282846,1.322393,0.192425,0.013214,1149.790527,3.674543,30.498426,-30.079544
SCANNING,0,1762538612291915,1.320890,0.192357,0.014116,1149.810425,3.944468,30.498430,-30.079544
SCANNING,0,1762538612301913,1.320890,0.192357,0.014116,1149.831299,2.852816,30.498430,-30.079544
SCANNING,0,1762538612312943,1.320890,0.192357,0.014116,1149.855957,1.898721,30.498438,-30.079544
SCANNING,0,1762538612322059,1.320890,0.192357,0.014116,1149.884521,1.652812,30.498430,-30.079544
SCANNING,0,1762538612331137,1.320890,0.192357,0.014116,1149.911621,1.551603,30.498436,-30.079544
SCANNING,0,1762538612340963,1.320890,0.192357,0.014116,1149.938599,1.186169,30.498428,-30.079544
SCANNING,0,1762538612350901,1.322393,0.192425,0.013214,1149.963989,1.399561,30.498426,-30.079544
SCANNING,1762538612371228,1762538612362933,1.320890,0.192357,0.014116,1149.993164,2.083260,30.498428,-30.079544
SCANNING,0,1762538612382787,1.321891,0.192702,0.015029,1150.046509,1.931402,30.498432,-30.079544
SCANNING,0,1762538612391852,1.322392,0.192874,0.015485,1150.071655,1.348079,30.498436,-30.079544
SCANNING,0,1762538612400924,1.322392,0.192874,0.015485,1150.097290,0.179254,30.498434,-30.079544
SCANNING,0,1762538612412804,1.322392,0.192874,0.015485,1150.129517,1.288713,30.498434,-30.079544
SCANNING,0,1762538612421926,1.321891,0.192702,0.015029,1150.156616,1.322099,30.498432,-30.079544
SCANNING,0,1762538612431007,1.320890,0.192357,0.014116,1150.183594,1.330205,30.498426,-30.079544
SCANNING,0,1762538612440920,1.321391,0.192529,0.014572,1150.209351,1.901799,30.498430,-30.079544
SCANNING,0,1762538612450890,1.321391,0.192529,0.014572,1150.236572,0.809589,30.498430,-30.079544
SCANNING,0,1762538612462838,1.321391,0.192529,0.014572,1150.264526,1.027676,30.498430,-30.079544
SCANNING,1762538612470851,1762538612472885,1.322392,0.192874,0.015485,1150.289795,1.334007,30.498430,-30.079548
SCANNING,0,1762538612491820,1.322392,0.192874,0.015485,1150.341431,1.301880,30.498430,-30.079548
SCANNING,0,1762538612500923,1.321684,0.192041,0.015842,1150.371826,1.419562,30.498428,-30.079548
SCANNING,0,1762538612512814,1.320975,0.191208,0.016198,1150.399414,1.652915,30.498426,-30.079548
SCANNING,0,1762538612521919,1.322392,0.192874,0.015485,1150.429688,3.868898,30.498430,-30.079548
SCANNING,0,1762538612530991,1.321684,0.192041,0.015842,1150.453369,2.651175,30.498428,-30.079548
SCANNING,0,1762538612540926,1.321684,0.192041,0.015842,1150.485107,4.564290,30.498428,-30.079548
SCANNING,0,1762538612550938,1.322392,0.192874,0.015485,1150.506836,3.921372,30.498432,-30.079548
SCANNING,0,1762538612562897,1.322392,0.192874,0.015485,1150.532837,3.498708,30.498432,-30.079548
SCANNING,1762538612572678,1762538612582382,1.320975,0.191208,0.016198,1150.579590,2.780572,30.498430,-30.079544
SCANNING,0,1762538612591919,1.320975,0.191208,0.016198,1150.608887,3.535059,30.498428,-30.079544
SCANNING,0,1762538612601037,1.320416,0.188800,0.018173,1150.635376,2.721980,30.498432,-30.079544
SCANNING,0,1762538612612848,1.320416,0.188800,0.018173,1150.659058,2.609023,30.498432,-30.079544
SCANNING,0,1762538612621902,1.320975,0.191208,0.016198,1150.683105,1.640217,30.498430,-30.079544
SCANNING,0,1762538612631004,1.320975,0.191208,0.016198,1150.711182,2.710767,30.498426,-30.079544
SCANNING,0,1762538612640925,1.320975,0.191208,0.016198,1150.734863,1.239539,30.498428,-30.079544
SCANNING,0,1762538612650940,1.320416,0.188800,0.018173,1150.761841,0.482933,30.498432,-30.079544
SCANNING,1762538612671647,1762538612662799,1.320416,0.188800,0.018173,1150.792480,1.449548,30.498432,-30.079544
SCANNING,0,1762538612682768,1.320636,0.188102,0.018274,1150.843384,4.751807,30.498430,-30.079544
SCANNING,0,1762538612691828,1.320636,0.188102,0.018274,1150.868530,3.959930,30.498428,-30.079544
SCANNING,0,1762538612700904,1.320636,0.188102,0.018274,1150.891113,1.941826,30.498428,-30.079544
SCANNING,0,1762538612712822,1.320636,0.188102,0.018274,1150.916992,2.126939,30.498428,-30.079544
SCANNING,0,1762538612721921,1.320636,0.188102,0.018274,1150.944336,1.926031,30.498426,-30.079544
SCANNING,0,1762538612731017,1.320636,0.188102,0.018274,1150.971802,2.360638,30.498426,-30.079544
SCANNING,0,1762538612740980,1.320416,0.188800,0.018173,1150.998657,2.307897,30.498432,-30.079544
SCANNING,0,1762538612750924,1.320636,0.188102,0.018274,1151.029907,3.496518,30.498426,-30.079544
SCANNING,1762538612771651,1762538612762782,1.320636,0.188102,0.018274,1151.054565,2.899268,30.498430,-30.079544
SCANNING,0,1762538612782291,1.323220,0.188184,0.016861,1151.110962,3.916692,30.498428,-30.079544
SCANNING,0,1762538612791352,1.323220,0.188184,0.016861,1151.137451,2.830755,30.498428,-30.079544
SCANNING,0,1762538612801073,1.323220,0.188184,0.016861,1151.162598,2.092521,30.498428,-30.079544
SCANNING,0,1762538612812842,1.323220,0.188184,0.016861,1151.189331,2.096671,30.498428,-30.079544
SCANNING,0,1762538612821898,1.320636,0.188102,0.018274,1151.217041,2.738703,30.498430,-30.079544
SCANNING,0,1762538612831063,1.323220,0.188184,0.016861,1151.240967,1.607407,30.498428,-30.079544
SCANNING,0,1762538612840932,1.323220,0.188184,0.016861,1151.266235,1.549986,30.498428,-30.079544
SCANNING,0,1762538612850907,1.323220,0.188184,0.016861,1151.294312,1.913134,30.498428,-30.079544
SCANNING,1762538612871659,1762538612862874,1.323220,0.188184,0.016861,1151.322754,2.614971,30.498428,-30.079544
SCANNING,0,1762538612891834,1.323220,0.188184,0.016861,1151.401611,0.877638,30.498430,-30.079542
SCANNING,0,1762538612900973,1.323220,0.188184,0.016861,1151.427002,0.177462,30.498430,-30.079542
SCANNING,0,1762538612912822,1.323946,0.186869,0.015760,1151.455811,0.842658,30.498428,-30.079542
SCANNING,0,1762538612921919,1.323946,0.186869,0.015760,1151.486328,1.790141,30.498426,-30.079542
SCANNING,0,1762538612931068,1.323946,0.186869,0.015760,1151.514404,2.492918,30.498426,-30.079542
SCANNING,0,1762538612940917,1.323946,0.186869,0.015760,1151.539429,3.224211,30.498426,-30.079542
SCANNING,0,1762538612950961,1.323220,0.188184,0.016861,1151.563110,3.489420,30.498432,-30.079542
SCANNING,1762538612971612,1762538612962890,1.323946,0.186869,0.015760,1151.593384,4.315270,30.498428,-30.079542
SCANNING,0,1762538612991915,1.327908,0.186707,0.014171,1151.670654,3.420398,30.498430,-30.079544
SCANNING,0,1762538613001093,1.327908,0.186707,0.014171,1151.694214,3.435223,30.498428,-30.079544
SCANNING,0,1762538613012889,1.327908,0.186707,0.014171,1151.724976,4.310593,30.498432,-30.079544
SCANNING,0,1762538613021954,1.327908,0.186707,0.014171,1151.749634,4.896279,30.498432,-30.079544
SCANNING,0,1762538613031069,1.327908,0.186707,0.014171,1151.772705,3.743976,30.498432,-30.079544
SCANNING,0,1762538613040935,1.327908,0.186707,0.014171,1151.791504,0.373863,30.498430,-30.079544
SCANNING,0,1762538613050913,1.323946,0.186869,0.015760,1151.821289,1.287668,30.498426,-30.079544
SCANNING,1762538613071778,1762538613062830,1.327908,0.186707,0.014171,1151.849487,2.975692,30.498428,-30.079544
SCANNING,0,1762538613081849,1.327908,0.186707,0.014171,1151.901489,3.461366,30.498428,-30.079542
SCANNING,0,1762538613090940,1.327908,0.186707,0.014171,1151.931519,4.521446,30.498425,-30.079542
SCANNING,0,1762538613100930,1.324061,0.187409,0.012976,1151.955688,3.453747,30.498432,-30.079542
SCANNING,0,1762538613112845,1.327908,0.186707,0.014171,1151.983398,3.676308,30.498428,-30.079542
SCANNING,0,1762538613121937,1.327908,0.186707,0.014171,1152.011597,4.068820,30.498430,-30.079542
SCANNING,0,1762538613131008,1.327908,0.186707,0.014171,1152.039062,3.357528,30.498430,-30.079542
SCANNING,0,1762538613140917,1.327908,0.186707,0.014171,1152.065674,3.634298,30.498430,-30.079542
SCANNING,0,1762538613150933,1.324061,0.187409,0.012976,1152.096069,3.967931,30.498432,-30.079542
SCANNING,1762538613171682,1762538613162862,1.324061,0.187409,0.012976,1152.125244,4.289573,30.498432,-30.079542
SCANNING,0,1762538613181379,1.324911,0.188530,0.014331,1152.174683,4.008127,30.498428,-30.079542
SCANNING,0,1762538613190956,1.324061,0.187409,0.012976,1152.201660,3.331725,30.498432,-30.079542
SCANNING,0,1762538613200909,1.324061,0.187409,0.012976,1152.233765,4.726071,30.498434,-30.079542
SCANNING,0,1762538613212916,1.324911,0.188530,0.014331,1152.257324,5.155181,30.498426,-30.079542
SCANNING,0,1762538613221991,1.324911,0.188530,0.014331,1152.281982,3.548485,30.498430,-30.079542
SCANNING,0,1762538613231066,1.324911,0.188530,0.014331,1152.309814,4.618845,30.498428,-30.079542
SCANNING,0,1762538613240947,1.324911,0.188530,0.014331,1152.338867,4.886723,30.498430,-30.079542
SCANNING,0,1762538613251000,1.324911,0.188530,0.014331,1152.363403,3.412886,30.498430,-30.079542
SCANNING,1762538613270484,1762538613262835,1.324911,0.188530,0.014331,1152.389526,3.156683,30.498430,-30.079542
SCANNING,0,1762538613281915,1.324911,0.188530,0.014331,1152.438477,3.692754,30.498430,-30.079542
SCANNING,0,1762538613291069,1.323995,0.188453,0.015722,1152.465698,3.257320,30.498428,-30.079542
SCANNING,0,1762538613300936,1.323995,0.188453,0.015722,1152.488525,1.255848,30.498428,-30.079542
SCANNING,0,1762538613312830,1.324911,0.188530,0.014331,1152.516846,1.294130,30.498430,-30.079542
SCANNING,0,1762538613321928,1.323079,0.188377,0.017113,1152.542969,1.952658,30.498426,-30.079542
SCANNING,0,1762538613331036,1.323995,0.188453,0.015722,1152.570190,2.373146,30.498428,-30.079542
SCANNING,0,1762538613340889,1.323995,0.188453,0.015722,1152.597412,1.044026,30.498428,-30.079542
SCANNING,0,1762538613350922,1.323079,0.188377,0.017113,1152.626343,2.284043,30.498425,-30.079542
SCANNING,1762538613369713,1762538613362814,1.323079,0.188377,0.017113,1152.651367,2.005565,30.498426,-30.079542
SCANNING,0,1762538613381291,1.323079,0.188377,0.017113,1152.702515,2.872817,30.498426,-30.079538
SCANNING,0,1762538613390917,1.323079,0.188377,0.017113,1152.732788,2.396300,30.498428,-30.079538
SCANNING,0,1762538613400950,1.323079,0.188377,0.017113,1152.761841,3.783812,30.498432,-30.079538
SCANNING,0,1762538613412838,1.323079,0.188377,0.017113,1152.786865,3.938121,30.498428,-30.079538
SCANNING,0,1762538613421932,1.323079,0.188377,0.017113,1152.804810,3.465634,30.498425,-30.079538
SCANNING,0,1762538613431066,1.323079,0.188377,0.017113,1152.821777,0.109054,30.498425,-30.079538
SCANNING,0,1762538613441032,1.323079,0.188377,0.017113,1152.850952,0.749479,30.498428,-30.079538
SCANNING,1762538613469040,1762538613450926,1.321669,0.188887,0.018552,1152.883301,1.451380,30.498430,-30.079538
SCANNING,0,1762538613490938,1.321669,0.188887,0.018552,1152.990723,3.412823,30.498428,-30.079540
SCANNING,0,1762538613501834,1.320790,0.188581,0.017967,1153.018311,2.511410,30.498430,-30.079540
SCANNING,0,1762538613521026,1.321669,0.188887,0.018552,1153.071411,2.437322,30.498428,-30.079540
SCANNING,0,1762538613530958,1.321669,0.188887,0.018552,1153.098267,0.956766,30.498428,-30.079540
SCANNING,0,1762538613541010,1.321669,0.188887,0.018552,1153.129150,1.984104,30.498425,-30.079540
SCANNING,0,1762538613550943,1.321669,0.188887,0.018552,1153.155640,2.302787,30.498428,-30.079540
SCANNING,1762538613570070,1762538613581927,1.318155,0.187664,0.016212,1153.236694,1.855760,30.498432,-30.079544
SCANNING,0,1762538613591055,1.316920,0.188906,0.016327,1153.266235,4.063734,30.498428,-30.079544
SCANNING,0,1762538613600953,1.316302,0.189527,0.016385,1153.289429,2.959394,30.498426,-30.079544
SCANNING,0,1762538613611961,1.317537,0.188285,0.016270,1153.315186,3.947082,30.498430,-30.079544
SCANNING,0,1762538613621082,1.316920,0.188906,0.016327,1153.341064,2.916093,30.498428,-30.079544
SCANNING,0,1762538613630180,1.316920,0.188906,0.016327,1153.369019,3.221432,30.498428,-30.079544
SCANNING,0,1762538613639930,1.316920,0.188906,0.016327,1153.393677,3.452587,30.498428,-30.079544
SCANNING,0,1762538613649945,1.316920,0.188906,0.016327,1153.419312,4.387874,30.498428,-30.079544
SCANNING,1762538613671784,1762538613661807,1.316302,0.189527,0.016385,1153.446045,3.776681,30.498426,-30.079544
SCANNING,0,1762538613691796,1.316302,0.189527,0.016385,1153.523071,2.655930,30.498430,-30.079538
SCANNING,0,1762538613700889,1.316302,0.189527,0.016385,1153.545166,1.118934,30.498428,-30.079538
SCANNING,0,1762538613711910,1.316302,0.189527,0.016385,1153.572632,1.664084,30.498430,-30.079538
SCANNING,0,1762538613721007,1.316302,0.189527,0.016385,1153.599487,1.427879,30.498432,-30.079538
SCANNING,0,1762538613730140,1.316302,0.189527,0.016385,1153.628174,1.541482,30.498432,-30.079538
SCANNING,0,1762538613739906,1.316302,0.189527,0.016385,1153.653442,1.317302,30.498432,-30.079538
SCANNING,0,1762538613749929,1.316302,0.189527,0.016385,1153.679443,1.409152,30.498428,-30.079538
SCANNING,0,1762538613761825,1.316302,0.189527,0.016385,1153.705811,2.048638,30.498426,-30.079538
SCANNING,1762538613771751,1762538613771925,1.314789,0.186410,0.017179,1153.731201,0.563811,30.498430,-30.079542
SCANNING,0,1762538613791787,1.314789,0.186410,0.017179,1153.790039,2.102663,30.498426,-30.079542
SCANNING,0,1762538613800918,1.314789,0.186410,0.017179,1153.812622,3.682528,30.498430,-30.079542
SCANNING,0,1762538613811934,1.314789,0.186410,0.017179,1153.831055,2.932013,30.498428,-30.079542
SCANNING,0,1762538613820985,1.314789,0.186410,0.017179,1153.858521,2.638128,30.498428,-30.079542
SCANNING,0,1762538613830141,1.315045,0.186922,0.017750,1153.886108,1.662032,30.498432,-30.079542
SCANNING,0,1762538613839931,1.314789,0.186410,0.017179,1153.910156,0.347783,30.498430,-30.079542
SCANNING,0,1762538613849914,1.314789,0.186410,0.017179,1153.939209,0.988687,30.498426,-30.079542
SCANNING,0,1762538613861872,1.314789,0.186410,0.017179,1153.966187,1.729771,30.498428,-30.079542
SCANNING,1762538613871835,1762538613881324,1.315813,0.188459,0.019464,1154.021729,2.106059,30.498432,-30.079548
SCANNING,0,1762538613890895,1.315813,0.188459,0.019464,1154.048218,1.736126,30.498428,-30.079548
SCANNING,0,1762538613899990,1.315813,0.188459,0.019464,1154.073242,1.154189,30.498430,-30.079548
SCANNING,0,1762538613911911,1.315813,0.188459,0.019464,1154.100708,1.242658,30.498430,-30.079548
SCANNING,0,1762538613920999,1.315813,0.188459,0.019464,1154.130981,1.338971,30.498430,-30.079548
SCANNING,0,1762538613930044,1.315813,0.188459,0.019464,1154.157227,0.713897,30.498428,-30.079548
SCANNING,0,1762538613939935,1.315813,0.188459,0.019464,1154.185181,1.803946,30.498428,-30.079548
SCANNING,0,1762538613949882,1.315813,0.188459,0.019464,1154.213257,2.577473,30.498430,-30.079548
SCANNING,1762538613971766,1762538613961851,1.318560,0.190676,0.021722,1154.237549,0.571948,30.498432,-30.079548
KEY_PRESS_STOP,0,1762538613881324,1.317608,0.192019,0.023338,1154.021729,2.106059,0.000000,0.000000
MOTOR_STOPPING,0,1762538613990905,1.317608,0.192019,0.023338,1154.313232,0.619663,30.498430,-30.079542
POST_STOP,0,1762538613999974,1.317608,0.192019,0.023338,1154.314819,0.038644,30.498430,-30.079542
POST_STOP,0,1762538614011883,1.317608,0.192019,0.023338,1154.313477,-0.709394,30.498428,-30.079542
POST_STOP,0,1762538614020926,1.317846,0.191683,0.022934,1154.313843,-0.292333,30.498432,-30.079542
POST_STOP,0,1762538614030016,1.317608,0.192019,0.023338,1154.313599,-0.434900,30.498428,-30.079542
POST_STOP,0,1762538614039917,1.317608,0.192019,0.023338,1154.314209,0.312356,30.498428,-30.079542
POST_STOP,0,1762538614049932,1.317608,0.192019,0.023338,1154.313232,-0.210682,30.498428,-30.079542
POST_STOP,1762538614071620,1762538614061816,1.317608,0.192019,0.023338,1154.313843,-0.050264,30.498430,-30.079542
POST_STOP,0,1762538614081808,1.317608,0.192019,0.023338,1154.313232,-0.171343,30.498432,-30.079542
POST_STOP,0,1762538614090854,1.317542,0.192141,0.023814,1154.314575,0.328531,30.498428,-30.079542
POST_STOP,0,1762538614099947,1.317542,0.192141,0.023814,1154.314331,-0.102336,30.498428,-30.079542
POST_STOP,0,1762538614111910,1.317542,0.192141,0.023814,1154.314087,0.151826,30.498428,-30.079542
POST_STOP,0,1762538614120917,1.317542,0.192141,0.023814,1154.314331,0.320090,30.498428,-30.079542
POST_STOP,0,1762538614130051,1.317542,0.192141,0.023814,1154.314819,0.522663,30.498428,-30.079542
POST_STOP,0,1762538614139881,1.317608,0.192019,0.023338,1154.313843,-0.116999,30.498430,-30.079542
POST_STOP,0,1762538614149921,1.317542,0.192141,0.023814,1154.315918,0.652661,30.498428,-30.079542
POST_STOP,0,1762538614161793,1.317542,0.192141,0.023814,1154.313354,-0.068063,30.498428,-30.079542
POST_STOP,1762538614171643,1762538614181295,1.317410,0.192386,0.024766,1154.313232,-0.516462,30.498426,-30.079540
POST_STOP,0,1762538614190847,1.316242,0.191320,0.026351,1154.312622,-0.294695,30.498434,-30.079540
POST_STOP,0,1762538614199976,1.316242,0.191320,0.026351,1154.314087,-0.041919,30.498428,-30.079540
POST_STOP,0,1762538614211924,1.316242,0.191320,0.026351,1154.313721,-0.041480,30.498428,-30.079540
POST_STOP,0,1762538614220946,1.316242,0.191320,0.026351,1154.315552,0.449357,30.498430,-30.079540
POST_STOP,0,1762538614230015,1.316242,0.191320,0.026351,1154.313843,-0.301520,30.498428,-30.079540
POST_STOP,0,1762538614239922,1.316242,0.191320,0.026351,1154.314209,0.153398,30.498428,-30.079540
POST_STOP,0,1762538614249886,1.316242,0.191320,0.026351,1154.313599,-0.338728,30.498428,-30.079540
POST_STOP,1762538614271639,1762538614261876,1.316242,0.191320,0.026351,1154.314697,0.033704,30.498428,-30.079540
POST_STOP,0,1762538614281817,1.317629,0.192862,0.026349,1154.313477,-0.677573,30.498426,-30.079544
POST_STOP,0,1762538614290890,1.317629,0.192862,0.026349,1154.315430,0.384962,30.498426,-30.079544
POST_STOP,0,1762538614299997,1.317629,0.192862,0.026349,1154.313965,0.081313,30.498426,-30.079544
POST_STOP,0,1762538614311943,1.317629,0.192862,0.026349,1154.314941,0.461323,30.498426,-30.079544
POST_STOP,0,1762538614320985,1.319016,0.194404,0.026346,1154.313721,-0.136452,30.498428,-30.079544
POST_STOP,0,1762538614330061,1.317629,0.192862,0.026349,1154.314453,0.084025,30.498426,-30.079544
POST_STOP,0,1762538614339951,1.319016,0.194404,0.026346,1154.315186,0.561034,30.498430,-30.079544
POST_STOP,0,1762538614349969,1.319016,0.194404,0.026346,1154.315430,0.434516,30.498428,-30.079544
POST_STOP,1762538614371697,1762538614361875,1.319016,0.194404,0.026346,1154.315918,0.560915,30.498428,-30.079544
POST_STOP,0,1762538614390298,1.319016,0.194404,0.026346,1154.315063,0.213665,30.498430,-30.079542
POST_STOP,0,1762538614399911,1.319016,0.194404,0.026346,1154.313599,-0.500272,30.498430,-30.079542
POST_STOP,0,1762538614411924,1.319016,0.194404,0.026346,1154.313965,-0.492761,30.498430,-30.079542
POST_STOP,0,1762538614420935,1.319016,0.194404,0.026346,1154.315552,0.630175,30.498432,-30.079542
POST_STOP,0,1762538614430031,1.319016,0.194404,0.026346,1154.314575,-0.065612,30.498430,-30.079542
POST_STOP,0,1762538614439928,1.319016,0.194404,0.026346,1154.313965,-0.432933,30.498430,-30.079542
POST_STOP,0,1762538614449947,1.318627,0.192921,0.028204,1154.316040,0.505214,30.498426,-30.079542
POST_STOP,0,1762538614461814,1.318627,0.192921,0.028204,1154.312378,-0.766384,30.498426,-30.079542
POST_STOP,1762538614471493,1762538614471930,1.318627,0.192921,0.028204,1154.314209,0.033428,30.498428,-30.079542
POST_STOP,0,1762538614490905,1.318627,0.192921,0.028204,1154.314575,-0.013183,30.498428,-30.079542
POST_STOP,0,1762538614499975,1.318627,0.192921,0.028204,1154.313721,-0.273968,30.498430,-30.079542
POST_STOP,0,1762538614511854,1.318627,0.192921,0.028204,1154.313110,-0.374670,30.498428,-30.079542
POST_STOP,0,1762538614520934,1.318627,0.192921,0.028204,1154.314697,0.080993,30.498428,-30.079542
POST_STOP,0,1762538614530010,1.318627,0.192921,0.028204,1154.314209,-0.092598,30.498432,-30.079542
POST_STOP,0,1762538614539947,1.318627,0.192921,0.028204,1154.313843,0.086454,30.498428,-30.079542
POST_STOP,0,1762538614549974,1.320849,0.190702,0.028329,1154.314087,-0.045056,30.498426,-30.079542
POST_STOP,1762538614570984,1762538614561925,1.320849,0.190702,0.028329,1154.314087,0.123171,30.498426,-30.079542
POST_STOP,0,1762538614580925,1.320849,0.190702,0.028329,1154.313599,-0.179941,30.498426,-30.079550
POST_STOP,0,1762538614590076,1.320849,0.190702,0.028329,1154.314331,0.177664,30.498428,-30.079550
POST_STOP,0,1762538614599899,1.320849,0.190702,0.028329,1154.314941,-0.027927,30.498426,-30.079550
POST_STOP,0,1762538614620096,1.320849,0.190702,0.028329,1154.314087,-0.223982,30.498428,-30.079550
POST_STOP,0,1762538614629943,1.320849,0.190702,0.028329,1154.314453,-0.059242,30.498428,-30.079550
POST_STOP,0,1762538614639923,1.320849,0.190702,0.028329,1154.315186,0.073378,30.498428,-30.079550
POST_STOP,0,1762538614649981,1.320849,0.190702,0.028329,1154.314941,0.511852,30.498430,-30.079550
POST_STOP,1762538614672694,1762538614679905,1.319968,0.190058,0.025676,1154.314697,0.052792,30.498426,-30.079540
POST_STOP,0,1762538614690035,1.319968,0.190058,0.025676,1154.315063,0.177530,30.498426,-30.079540
POST_STOP,0,1762538614699921,1.320912,0.190218,0.025539,1154.314575,-0.220562,30.498430,-30.079540
POST_STOP,0,1762538614719971,1.320440,0.190138,0.025608,1154.315063,0.511428,30.498428,-30.079540
POST_STOP,0,1762538614729918,1.319968,0.190058,0.025676,1154.313843,-0.016133,30.498425,-30.079540
POST_STOP,0,1762538614740015,1.320440,0.190138,0.025608,1154.315063,0.076627,30.498428,-30.079540
POST_STOP,0,1762538614749927,1.319968,0.190058,0.025676,1154.315674,0.657213,30.498426,-30.079540
POST_STOP,1762538614771449,1762538614790038,1.321856,0.190378,0.025403,1154.314941,0.256260,30.498430,-30.079544
POST_STOP,0,1762538614800899,1.322359,0.190300,0.025421,1154.314819,-0.106836,30.498428,-30.079544
POST_STOP,0,1762538614820121,1.322862,0.190221,0.025440,1154.314453,0.037228,30.498426,-30.079544
POST_STOP,0,1762538614829964,1.322862,0.190221,0.025440,1154.314697,-0.109392,30.498426,-30.079544
POST_STOP,0,1762538614840090,1.323114,0.190182,0.025449,1154.315186,0.427773,30.498425,-30.079544
POST_STOP,0,1762538614849949,1.322862,0.190221,0.025440,1154.314453,-0.044862,30.498426,-30.079544
POST_STOP,1762538614871660,1762538614880894,1.323868,0.190064,0.025477,1154.314453,0.037206,30.498426,-30.079540
POST_STOP,0,1762538614889976,1.323868,0.190064,0.025477,1154.314575,0.076306,30.498430,-30.079540
POST_STOP,0,1762538614899073,1.323868,0.190064,0.025477,1154.313843,0.080479,30.498428,-30.079540
POST_STOP,0,1762538614910951,1.323868,0.190064,0.025477,1154.314209,0.208390,30.498432,-30.079540
POST_STOP,0,1762538614919940,1.323868,0.190064,0.025477,1154.313965,-0.152523,30.498426,-30.079540
POST_STOP,0,1762538614929055,1.323868,0.190064,0.025477,1154.314087,-0.199179,30.498432,-30.079540
POST_STOP,0,1762538614938938,1.323868,0.190064,0.025477,1154.314209,-0.038656,30.498426,-30.079540
POST_STOP,0,1762538614948936,1.323868,0.190064,0.025477,1154.314087,-0.354226,30.498426,-30.079540
POST_STOP,1762538614971508,1762538614960901,1.320163,0.189693,0.025504,1154.314697,0.084092,30.498426,-30.079540
POST_STOP,0,1762538614989931,1.320348,0.189542,0.025555,1154.315308,0.244376,30.498425,-30.079542
POST_STOP,0,1762538614999015,1.321272,0.188789,0.025810,1154.315308,-0.002439,30.498430,-30.079542
POST_STOP,0,1762538615010912,1.320533,0.189392,0.025606,1154.315674,0.440960,30.498426,-30.079542
POST_STOP,0,1762538615019979,1.320902,0.189090,0.025708,1154.313599,-0.490780,30.498428,-30.079542
POST_STOP,0,1762538615029079,1.320902,0.189090,0.025708,1154.313843,0.000534,30.498428,-30.079542
POST_STOP,0,1762538615038923,1.320902,0.189090,0.025708,1154.315796,0.540299,30.498428,-30.079542
POST_STOP,0,1762538615048911,1.320533,0.189392,0.025606,1154.314209,0.242536,30.498426,-30.079542
POST_STOP,1762538615071463,1762538615060897,1.321272,0.188789,0.025810,1154.313232,-0.408861,30.498430,-30.079542
POST_STOP,0,1762538615089887,1.320931,0.190378,0.025674,1154.315186,0.266803,30.498426,-30.079542
POST_STOP,0,1762538615098983,1.321272,0.188789,0.025810,1154.315674,0.431453,30.498430,-30.079542
POST_STOP,0,1762538615110880,1.320846,0.190775,0.025640,1154.313599,-0.356409,30.498425,-30.079542
POST_STOP,0,1762538615119954,1.321102,0.189583,0.025742,1154.314087,-0.217560,30.498428,-30.079542
POST_STOP,0,1762538615129065,1.320931,0.190378,0.025674,1154.314453,-0.095944,30.498426,-30.079542
POST_STOP,0,1762538615138910,1.320846,0.190775,0.025640,1154.315063,0.349742,30.498425,-30.079542
POST_STOP,0,1762538615148927,1.321102,0.189583,0.025742,1154.313721,-0.382314,30.498428,-30.079542
POST_STOP,0,1762538615160854,1.321102,0.189583,0.025742,1154.314087,0.070673,30.498428,-30.079542
POST_STOP,1762538615171804,1762538615170923,1.320761,0.191172,0.025606,1154.315430,0.566986,30.498428,-30.079538
POST_STOP,0,1762538615190823,1.320761,0.191172,0.025606,1154.314331,0.118961,30.498426,-30.079538
POST_STOP,0,1762538615199881,1.318166,0.188832,0.026207,1154.313110,-0.384289,30.498432,-30.079538
POST_STOP,0,1762538615210948,1.320761,0.191172,0.025606,1154.314087,0.031752,30.498426,-30.079538
POST_STOP,0,1762538615220059,1.320761,0.191172,0.025606,1154.315063,0.439522,30.498428,-30.079538
POST_STOP,0,1762538615229153,1.319464,0.190002,0.025906,1154.314453,0.271750,30.498430,-30.079538
POST_STOP,0,1762538615238873,1.318166,0.188832,0.026207,1154.314819,0.129719,30.498432,-30.079538
POST_STOP,0,1762538615248931,1.320761,0.191172,0.025606,1154.314575,-0.186215,30.498428,-30.079538
POST_STOP,0,1762538615260894,1.319464,0.190002,0.025906,1154.314575,0.298721,30.498430,-30.079538
POST_STOP,1762538615271613,1762538615270926,1.318166,0.188832,0.026207,1154.315063,0.298520,30.498428,-30.079542
POST_STOP,0,1762538615289925,1.317503,0.188961,0.026093,1154.315674,0.627917,30.498430,-30.079542
POST_STOP,0,1762538615299035,1.318166,0.188832,0.026207,1154.314941,0.360330,30.498428,-30.079542
POST_STOP,0,1762538615310834,1.318166,0.188832,0.026207,1154.314209,-0.133271,30.498426,-30.079542
POST_STOP,0,1762538615319881,1.318166,0.188832,0.026207,1154.313354,-0.577237,30.498426,-30.079542
POST_STOP,0,1762538615328993,1.318166,0.188832,0.026207,1154.314819,0.394789,30.498428,-30.079542
POST_STOP,0,1762538615338939,1.318166,0.188832,0.026207,1154.313965,0.160490,30.498426,-30.079542
POST_STOP,0,1762538615348927,1.318166,0.188832,0.026207,1154.314331,0.381974,30.498426,-30.079542
POST_STOP,0,1762538615360919,1.318166,0.188832,0.026207,1154.314575,-0.006105,30.498426,-30.079542
POST_STOP,1762538615371472,1762538615379915,1.314851,0.189477,0.025638,1154.315308,0.285585,30.498432,-30.079548
POST_STOP,0,1762538615388972,1.314851,0.189477,0.025638,1154.315308,0.287366,30.498430,-30.079548
POST_STOP,0,1762538615398921,1.314851,0.189477,0.025638,1154.314087,0.030068,30.498426,-30.079548
POST_STOP,0,1762538615410885,1.314851,0.189477,0.025638,1154.315552,0.131016,30.498426,-30.079548
POST_STOP,0,1762538615419996,1.314851,0.189477,0.025638,1154.314209,-0.042777,30.498428,-30.079548
POST_STOP,0,1762538615429071,1.314851,0.189477,0.025638,1154.314453,-0.094826,30.498430,-30.079548
POST_STOP,0,1762538615438932,1.314851,0.189477,0.025638,1154.314087,-0.147413,30.498428,-30.079548
POST_STOP,0,1762538615448937,1.314851,0.189477,0.025638,1154.315430,0.252453,30.498426,-30.079548
POST_STOP,0,1762538615460905,1.314851,0.189477,0.025638,1154.313599,-0.121470,30.498432,-30.079548
ARDUINO_STOP,0,1762538615379915,1.314851,0.189477,0.025638,1154.315308,0.285585,0.000000,0.000000
