loc_index,x,y
0.000000000000000000e+00,-1.016834000000000071e-01,1.785080000000000000e-02
1.000000000000000000e+00,-9.168376821192053550e-02,1.713719602649006746e-02
2.000000000000000000e+00,-8.168413642384106388e-02,1.642359205298013144e-02
3.000000000000000000e+00,-7.168450463576159226e-02,1.570998807947019890e-02
4.000000000000000000e+00,-6.168487284768212758e-02,1.499638410596026462e-02
5.000000000000000000e+00,-5.168524105960265597e-02,1.428278013245033035e-02
6.000000000000000000e+00,-4.168560927152318435e-02,1.356917615894039780e-02
7.000000000000000000e+00,-3.168597748344371967e-02,1.285557218543046352e-02
8.000000000000000000e+00,-2.168634569536424805e-02,1.214196821192052925e-02
9.000000000000000000e+00,-1.168671390728477644e-02,1.142836423841059670e-02
1.000000000000000000e+01,-1.687082119205304820e-03,1.071476026490066069e-02
1.100000000000000000e+01,8.312549668874152919e-03,1.000115629139072815e-02
1.200000000000000000e+01,1.831218145695363841e-02,9.287552317880793870e-03
1.300000000000000000e+01,2.831181324503309615e-02,8.573948344370861327e-03
1.400000000000000000e+01,3.831144503311256777e-02,7.860344370860927049e-03
1.500000000000000000e+01,4.831107682119203939e-02,7.146740397350992771e-03
1.600000000000000000e+01,5.831070860927151100e-02,6.433136423841058493e-03
1.700000000000000000e+01,6.831034039735098262e-02,5.719532450331124215e-03
1.800000000000000000e+01,7.830997218543045424e-02,5.005928476821191672e-03
1.900000000000000000e+01,8.830960397350992586e-02,4.292324503311257394e-03
2.000000000000000000e+01,9.830923576158939747e-02,3.578720529801323116e-03
2.100000000000000000e+01,1.083088675496688413e-01,2.865116556291390573e-03
2.200000000000000000e+01,1.183084993377483130e-01,2.151512582781456295e-03
2.300000000000000000e+01,1.283081311258278123e-01,1.437908609271520283e-03
2.400000000000000000e+01,1.383077629139072839e-01,7.243046357615877395e-04
2.500000000000000000e+01,1.483073947019867556e-01,1.070066225165172691e-05
2.600000000000000000e+01,1.583070264900661994e-01,-7.029033112582773468e-04
2.700000000000000000e+01,1.683066582781456988e-01,-1.416507284768213359e-03
2.800000000000000000e+01,1.783062900662251427e-01,-2.130111258278145903e-03
2.900000000000000000e+01,1.883059218543046420e-01,-2.843715231788081915e-03
3.000000000000000000e+01,1.983055536423840859e-01,-3.557319205298014458e-03
3.100000000000000000e+01,2.083051854304635297e-01,-4.270923178807947002e-03
3.200000000000000000e+01,2.183048172185430291e-01,-4.984527152317883014e-03
3.300000000000000000e+01,2.283044490066225285e-01,-5.698131125827815557e-03
3.400000000000000000e+01,2.383040807947019724e-01,-6.411735099337751570e-03
3.500000000000000000e+01,2.483037125827814162e-01,-7.125339072847684113e-03
3.600000000000000000e+01,2.583033443708608878e-01,-7.838943046357616656e-03
3.700000000000000000e+01,2.683029761589403872e-01,-8.552547019867552669e-03
3.800000000000000000e+01,2.783026079470198866e-01,-9.266150993377485212e-03
3.900000000000000000e+01,2.883022397350992749e-01,-9.979754966887417755e-03
4.000000000000000000e+01,2.983018715231787743e-01,-1.069335894039735377e-02
4.100000000000000000e+01,3.083015033112582737e-01,-1.140696291390728631e-02
4.200000000000000000e+01,3.183011350993376620e-01,-1.212056688741721885e-02
4.300000000000000000e+01,3.283007668874172724e-01,-1.283417086092715487e-02
4.400000000000000000e+01,3.383003986754966608e-01,-1.354777483443708741e-02
4.500000000000000000e+01,3.483000304635761601e-01,-1.426137880794702689e-02
4.600000000000000000e+01,3.582996622516556595e-01,-1.497498278145695944e-02
4.700000000000000000e+01,3.682992940397350479e-01,-1.568858675496688504e-02
4.800000000000000000e+01,3.782989258278145472e-01,-1.640219072847682452e-02
4.900000000000000000e+01,3.882985576158940466e-01,-1.711579470198675706e-02
5.000000000000000000e+01,3.982981894039735460e-01,-1.782939867549669655e-02
5.100000000000000000e+01,4.082978211920530454e-01,-1.854300264900662909e-02
5.200000000000000000e+01,4.182974529801324337e-01,-1.925660662251655469e-02
5.300000000000000000e+01,4.282970847682119331e-01,-1.997021059602649418e-02
5.400000000000000000e+01,4.382967165562914325e-01,-2.068381456953642672e-02
5.500000000000000000e+01,4.482963483443708208e-01,-2.139741854304635926e-02
5.600000000000000000e+01,4.582959801324503202e-01,-2.211102251655629181e-02
5.700000000000000000e+01,4.682956119205298195e-01,-2.282462649006622435e-02
5.800000000000000000e+01,4.782952437086093189e-01,-2.353823046357616383e-02
5.900000000000000000e+01,4.882948754966887073e-01,-2.425183443708609637e-02
6.000000000000000000e+01,4.982945072847682066e-01,-2.496543841059602892e-02
6.100000000000000000e+01,5.082941390728477060e-01,-2.567904238410596146e-02
6.200000000000000000e+01,5.182937708609270944e-01,-2.639264635761589400e-02
6.300000000000000000e+01,5.282934026490067048e-01,-2.710625033112583349e-02
6.400000000000000000e+01,5.382930344370860931e-01,-2.781985430463576603e-02
6.500000000000000000e+01,5.482926662251654815e-01,-2.853345827814569857e-02
6.600000000000000000e+01,5.582922980132450919e-01,-2.924706225165563112e-02
6.700000000000000000e+01,5.682919298013244802e-01,-2.996066622516556366e-02
6.800000000000000000e+01,5.782915615894039796e-01,-3.067427019867550314e-02
6.900000000000000000e+01,5.882911933774834790e-01,-3.138787417218543568e-02
7.000000000000000000e+01,5.982908251655628673e-01,-3.210147814569536823e-02
7.100000000000000000e+01,6.082904569536423667e-01,-3.281508211920530077e-02
7.200000000000000000e+01,6.182900887417218661e-01,-3.352868609271523331e-02
7.300000000000000000e+01,6.282897205298013654e-01,-3.424229006622517280e-02
7.400000000000000000e+01,6.382893523178807538e-01,-3.495589403973510534e-02
7.500000000000000000e+01,6.482889841059602531e-01,-3.566949801324503788e-02
7.600000000000000000e+01,6.582886158940397525e-01,-3.638310198675497042e-02
7.700000000000000000e+01,6.682882476821192519e-01,-3.709670596026490991e-02
7.800000000000000000e+01,6.782878794701986402e-01,-3.781030993377483551e-02
7.900000000000000000e+01,6.882875112582781396e-01,-3.852391390728477499e-02
8.000000000000000000e+01,6.982871430463576390e-01,-3.923751788079470754e-02
8.100000000000000000e+01,7.082867748344370273e-01,-3.995112185430463314e-02
8.200000000000000000e+01,7.182864066225165267e-01,-4.066472582781457262e-02
8.300000000000000000e+01,7.282860384105960261e-01,-4.137832980132451210e-02
8.400000000000000000e+01,7.382856701986754144e-01,-4.209193377483443771e-02
8.500000000000000000e+01,7.482853019867549138e-01,-4.280553774834437719e-02
8.600000000000000000e+01,7.582849337748345242e-01,-4.351914172185430973e-02
8.700000000000000000e+01,7.682845655629138015e-01,-4.423274569536423534e-02
8.800000000000000000e+01,7.782841973509933009e-01,-4.494634966887417482e-02
8.900000000000000000e+01,7.882838291390729113e-01,-4.565995364238410736e-02
9.000000000000000000e+01,7.982834609271524107e-01,-4.637355761589405378e-02
9.100000000000000000e+01,8.082830927152316880e-01,-4.708716158940397245e-02
9.200000000000000000e+01,8.182827245033112984e-01,-4.780076556291391887e-02
9.300000000000000000e+01,8.282823562913907978e-01,-4.851436953642385141e-02
9.400000000000000000e+01,8.382819880794701861e-01,-4.922797350993377008e-02
9.500000000000000000e+01,8.482816198675496855e-01,-4.994157748344371650e-02
9.600000000000000000e+01,8.582812516556291849e-01,-5.065518145695364904e-02
9.700000000000000000e+01,8.682808834437085732e-01,-5.136878543046358159e-02
9.800000000000000000e+01,8.782805152317880726e-01,-5.208238940397351413e-02
9.900000000000000000e+01,8.882801470198675720e-01,-5.279599337748344667e-02
1.000000000000000000e+02,8.982797788079470713e-01,-5.350959735099339309e-02
1.010000000000000000e+02,9.082794105960263487e-01,-5.422320132450331176e-02
1.020000000000000000e+02,9.182790423841060701e-01,-5.493680529801325818e-02
1.030000000000000000e+02,9.282786741721855694e-01,-5.565040927152319072e-02
1.040000000000000000e+02,9.382783059602648468e-01,-5.636401324503310939e-02
1.050000000000000000e+02,9.482779377483443461e-01,-5.707761721854305581e-02
1.060000000000000000e+02,9.582775695364238455e-01,-5.779122119205298835e-02
1.070000000000000000e+02,9.682772013245033449e-01,-5.850482516556292090e-02
1.080000000000000000e+02,9.782768331125828443e-01,-5.921842913907285344e-02
1.090000000000000000e+02,9.882764649006623436e-01,-5.993203311258278598e-02
1.100000000000000000e+02,9.982760966887416210e-01,-6.064563708609271853e-02
1.110000000000000000e+02,1.008275728476821120e+00,-6.135924105960265107e-02
1.120000000000000000e+02,1.018275360264900620e+00,-6.207284503311258361e-02
1.130000000000000000e+02,1.028274992052980119e+00,-6.278644900662253003e-02
1.140000000000000000e+02,1.038274623841059618e+00,-6.350005298013244870e-02
1.150000000000000000e+02,1.048274255629139118e+00,-6.421365695364239512e-02
1.160000000000000000e+02,1.058273887417218617e+00,-6.492726092715232766e-02
1.170000000000000000e+02,1.068273519205297895e+00,-6.564086490066226021e-02
1.180000000000000000e+02,1.078273150993377394e+00,-6.635446887417219275e-02
1.190000000000000000e+02,1.088272782781456893e+00,-6.706807284768212529e-02
1.200000000000000000e+02,1.098272414569536393e+00,-6.778167682119205784e-02
1.210000000000000000e+02,1.108272046357615892e+00,-6.849528079470199038e-02
1.220000000000000000e+02,1.118271678145695391e+00,-6.920888476821192292e-02
1.230000000000000000e+02,1.128271309933774891e+00,-6.992248874172186934e-02
1.240000000000000000e+02,1.138270941721854168e+00,-7.063609271523178801e-02
1.250000000000000000e+02,1.148270573509933890e+00,-7.134969668874173443e-02
1.260000000000000000e+02,1.158270205298013389e+00,-7.206330066225166697e-02
1.270000000000000000e+02,1.168269837086092666e+00,-7.277690463576159952e-02
1.280000000000000000e+02,1.178269468874172166e+00,-7.349050860927153206e-02
1.290000000000000000e+02,1.188269100662251665e+00,-7.420411258278146460e-02
1.300000000000000000e+02,1.198268732450330942e+00,-7.491771655629139715e-02
1.310000000000000000e+02,1.208268364238410664e+00,-7.563132052980132969e-02
1.320000000000000000e+02,1.218267996026490163e+00,-7.634492450331126223e-02
1.330000000000000000e+02,1.228267627814569440e+00,-7.705852847682119477e-02
1.340000000000000000e+02,1.238267259602648940e+00,-7.777213245033112732e-02
1.350000000000000000e+02,1.248266891390728439e+00,-7.848573642384107374e-02
1.360000000000000000e+02,1.258266523178807939e+00,-7.919934039735100628e-02
1.370000000000000000e+02,1.268266154966887438e+00,-7.991294437086092495e-02
1.380000000000000000e+02,1.278265786754966937e+00,-8.062654834437087137e-02
1.390000000000000000e+02,1.288265418543046437e+00,-8.134015231788080391e-02
1.400000000000000000e+02,1.298265050331125714e+00,-8.205375629139073645e-02
1.410000000000000000e+02,1.308264682119205213e+00,-8.276736026490066900e-02
1.420000000000000000e+02,1.318264313907284713e+00,-8.348096423841060154e-02
1.430000000000000000e+02,1.328263945695364212e+00,-8.419456821192053408e-02
1.440000000000000000e+02,1.338263577483443711e+00,-8.490817218543046663e-02
1.450000000000000000e+02,1.348263209271523211e+00,-8.562177615894041305e-02
1.460000000000000000e+02,1.358262841059602710e+00,-8.633538013245034559e-02
1.470000000000000000e+02,1.368262472847681988e+00,-8.704898410596026426e-02
1.480000000000000000e+02,1.378262104635761487e+00,-8.776258807947021068e-02
1.490000000000000000e+02,1.388261736423841208e+00,-8.847619205298014322e-02
1.500000000000000000e+02,1.398261368211920486e+00,-8.918979602649007576e-02
